customer_id,total_revenue
12346,77556.46
12347,4921.53
12348,2019.4
12349,4428.69
12350,334.4
12351,300.93
12352,2849.84
12353,406.76
12354,1079.4
12355,947.61
12356,6371.73
12357,18287.66
12358,3887.07
12359,8873.39
12360,4252.89
12361,511.25
12362,5356.23
12363,552.0
12364,1313.1
12365,641.38
12366,500.24
12367,168.9
12368,917.6999999999999
12369,1791.15
12370,4316.56
12371,4067.38
12372,1298.04
12373,1127.65
12374,2989.2200000000003
12375,457.5
12376,503.15
12377,3426.32
12378,5416.32
12379,1620.22
12380,9676.300000000001
12381,1845.31
12383,1850.56
12384,585.27
12385,1938.4
12386,401.9
12387,143.94
12388,3901.11
12389,1433.33
12390,549.84
12391,2724.84
12392,234.75000000000003
12393,2399.4500000000003
12394,1272.48
12395,4721.17
12396,931.43
12397,2409.9
12398,1635.6599999999999
12399,1962.3
12400,205.25
12401,84.3
12402,1256.9
12403,1019.36
12404,63.24
12405,1710.39
12406,6390.36
12407,1708.1200000000001
12408,4340.7699999999995
12409,23419.29
12410,1013.71
12411,346.9
12412,2596.93
12413,999.45
12414,952.41
12415,144458.37
12416,202.56
12417,6797.41
12418,2021.2
12419,503.01
12420,600.39
12421,1098.6
12422,5231.8
12423,2622.39
12424,3340.03
12425,1741.41
12426,1345.21
12427,825.8
12428,7956.46
12429,6204.41
12430,256.4
12431,10432.22
12432,5059.32
12433,16794.14
12434,1103.43
12435,13925.93
12436,509.01
12437,12683.4
12438,2906.85
12439,1142.88
12440,859.2
12441,173.55
12442,172.06
12443,485.31
12444,5005.46
12445,434.98
12446,1002.3100000000001
12447,476.49
12448,449.45
12449,4835.89
12450,688.2
12451,12669.88
12452,430.57
12453,707.09
12454,16679.78
12455,5879.95
12456,3181.04
12457,2995.91
12458,1777.49
12459,454.36
12460,326.65
12461,826.88
12462,1189.59
12463,1344.78
12464,1212.05
12465,742.1899999999999
12466,56.73
12467,132.8
12468,3670.74
12469,3070.54
12470,211.95
12471,39918.19
12472,16249.289999999999
12473,3928.0499999999997
12474,12372.75
12475,1149.64
12476,14083.91
12477,20276.37
12478,680.99
12479,527.2
12480,5464.85
12481,12185.51
12482,23691.4
12483,5097.18
12484,6354.1
12485,708.1
12486,1037.28
12487,285.29999999999995
12488,1298.66
12489,334.93
12490,9823.64
12491,460.40000000000003
12492,715.21
12493,433.74
12494,1815.27
12495,357.4
12496,45.34
12497,6248.5
12498,403.70000000000005
12499,393.72
12500,5955.21
12501,2169.39
12502,3723.87
12503,1126.0
12504,779.05
12505,955.2
12506,73.5
12507,1844.06
12508,397.88
12509,176.5
12510,5178.02
12511,3084.02
12512,132.18
12513,612.29
12514,1597.76
12515,383.7
12516,2648.62
12517,2481.6
12518,2056.89
12519,716.54
12520,2634.26
12521,599.68
12522,192.72
12523,4352.35
12524,11126.11
12525,973.73
12526,1316.66
12527,735.51
12528,1933.48
12529,316.48
12530,3759.26
12531,1933.2
12532,349.83000000000004
12533,1367.89
12534,1089.18
12535,716.35
12536,12601.830000000002
12537,732.94
12538,640.45
12539,11214.75
12540,22254.49
12541,981.18
12542,481.88
12543,980.25
12544,372.7
12545,1000.39
12546,1161.5
12547,383.58
12548,95.19999999999999
12549,1575.68
12550,964.83
12551,168.0
12552,437.82
12553,4608.75
12554,468.5
12555,129.23
12556,599.56
12557,18096.14
12558,269.96
12559,561.71
12560,2134.01
12561,238.85
12562,4966.92
12563,249.24
12564,456.9
12565,145.92
12566,351.65
12567,11767.48
12568,70.0
12569,4124.69
12570,77.52
12571,519.61
12572,1020.42
12573,717.41
12574,218.45
12575,622.8199999999999
12576,2142.72
12577,1617.1
12578,4642.45
12579,440.42
12580,1052.9
12581,197.71
12582,1980.4
12583,13591.58
12584,2338.15
12585,2040.1
12586,2062.67
12587,144.0
12588,958.78
12589,4695.66
12590,9864.26
12591,1338.95
12592,2582.66
12593,418.09999999999997
12594,5090.110000000001
12595,299.02
12596,618.27
12597,3811.22
12598,4534.09
12599,2296.72
12600,4967.42
12601,681.26
12602,153.12
12603,739.1999999999999
12604,254.18
12605,1232.95
12606,21.0
12607,1579.51
12608,415.79
12609,3435.86
12610,2099.54
12611,1193.32
12612,704.0400000000001
12613,6817.37
12614,315.6
12615,5740.98
12616,1131.1
12617,352.98
12618,177.31
12619,3781.38
12620,1339.41
12621,24311.2
12622,180.1
12623,3747.84
12624,641.13
12625,5164.88
12626,6620.48
12627,4478.53
12628,786.46
12629,1558.22
12630,1270.88
12631,3481.57
12632,804.88
12633,5678.16
12634,490.0
12635,2930.41
12636,141.0
12637,8283.81
12638,921.49
12639,1312.37
12640,1174.58
12641,185.9
12642,1013.26
12643,8304.82
12644,1918.49
12645,3539.3
12646,1346.97
12647,16955.55
12648,1112.0
12649,2294.65
12650,314.44
12651,377.75
12652,1017.03
12653,4160.83
12654,601.98
12655,261.35
12656,6407.83
12657,1643.18
12658,686.05
12659,91.68
12660,245.1
12661,162.0
12662,6726.54
12663,239.4
12664,6070.04
12665,313.6
12666,1248.42
12667,620.13
12668,11383.03
12669,2744.0299999999997
12670,3760.29
12671,2622.481
12672,437.05
12673,1230.02
12674,1970.6
12675,957.25
12676,2843.09
12677,395.1
12678,34281.18
12679,1113.02
12680,880.81
12681,29834.76
12682,22950.22
12683,11633.7
12684,2283.63
12685,2863.08
12686,89.14
12687,2138.91
12688,4873.8099999999995
12689,1247.61
12690,389.01
12691,1170.4
12692,110.95
12693,1703.02
12694,1843.35
12695,1407.1200000000001
12696,851.91
12697,957.59
12698,339.75
12699,638.11
12700,4939.99
12701,2446.41
12702,219.0
12703,1006.53
12704,2340.84
12705,11762.1
12707,603.42
12708,5117.66
12709,30291.76
12710,1149.02
12711,1339.05
12712,6723.03
12713,848.55
12714,14093.71
12715,343.36
12716,1053.49
12717,1308.91
12718,238.25
12719,644.95
12720,7787.28
12721,4013.08
12722,997.63
12723,725.07
12724,2317.52
12725,2266.76
12726,4014.6
12727,5679.53
12728,1070.17
12729,453.01
12730,829.25
12731,25775.71
12732,236.26000000000002
12733,2424.87
12734,639.65
12735,779.5699999999999
12736,234.0
12737,3710.5
12738,155.35
12739,2726.73
12740,427.6
12741,406.07
12742,1201.52
12743,540.13
12744,25317.06
12745,925.41
12746,254.55
12747,8898.48
12748,53539.64
12749,6897.36
12750,275.88
12751,268.27
12752,4366.78
12753,21429.39
12754,3010.74
12755,5236.259999999999
12756,112.07999999999998
12757,7834.650000000001
12758,9903.24
12759,5020.74
12760,347.8
12761,782.95
12762,1898.52
12763,494.08
12764,1693.88
12765,1404.58
12766,8918.99
12767,949.82
12768,168.69000000000003
12769,1143.6
12770,3246.45
12771,282.3
12772,892.47
12773,124.25
12774,98.7
12775,1686.12
12776,55.5
12777,519.45
12778,1775.68
12779,6474.11
12780,337.4
12781,826.74
12782,4618.24
12783,2225.91
12784,1763.15
12785,1100.4
12786,728.5
12787,862.18
12788,444.9
12789,273.35
12790,591.85
12791,863.51
12792,827.01
12793,885.53
12794,860.41
12795,430.48
12796,381.0
12797,552.08
12798,8510.93
12799,219.35
12800,584.25
12801,1071.82
12802,2416.42
12803,1092.81
12804,325.37
12805,1434.95
12806,2878.96
12807,330.35
12808,776.7
12809,1755.94
12810,534.99
12811,1033.9
12812,229.64000000000001
12813,1687.8
12814,125.92
12815,1063.46
12816,572.2
12817,690.98
12818,1542.08
12819,540.52
12820,2689.52
12821,220.8
12822,948.88
12823,6501.5
12824,397.12
12825,518.63
12826,2800.75
12827,430.15000000000003
12828,1018.71
12829,385.3
12830,6814.64
12831,451.11
12832,383.03
12833,417.38
12834,312.38
12835,5996.83
12836,6559.7300000000005
12837,662.66
12838,2975.91
12839,9669.12
12840,4041.97
12841,6958.2
12842,1917.99
12843,6583.36
12844,648.6
12845,354.09
12846,15.58
12847,1609.0
12848,208.0
12849,3042.47
12850,330.0
12851,280.76
12852,311.55
12853,3907.5
12854,2970.9700000000003
12855,612.84
12856,2170.78
12857,3688.0
12858,147.27
12859,575.1
12860,54.22
12861,68.25
12862,984.62
12863,2792.5499999999997
12864,299.57
12865,3323.47
12866,1227.35
12867,7829.26
12868,2043.76
12869,337.66999999999996
12870,1676.95
12871,744.02
12872,3283.96
12873,2027.3
12874,948.42
12875,1356.99
12876,4081.79
12877,2942.14
12878,854.99
12879,573.22
12880,640.13
12881,298.0
12882,1463.04
12883,703.47
12884,309.05
12885,1175.22
12886,1378.4
12887,222.4
12888,354.12
12889,385.46000000000004
12890,706.02
12891,840.5
12892,263.38
12893,176.55
12894,157.35
12895,372.8
12897,514.25
12898,296.21000000000004
12899,366.4
12900,340.33
12901,17654.54
12902,138.68
12903,833.53
12904,496.06
12905,1018.42
12906,2919.81
12907,508.91
12908,1776.0
12909,3103.19
12910,5796.52
12911,1651.72
12912,1662.3
12913,6283.24
12914,223.98
12915,975.1
12916,4479.73
12917,4359.2
12918,10953.5
12919,1335.19
12920,486.64
12921,35233.24
12922,405.38
12923,770.42
12924,2469.4
12925,729.3299999999999
12926,1523.97
12927,197.31
12928,4304.89
12929,117.85
12930,415.8
12931,92347.34
12932,1698.56
12933,1636.6299999999999
12934,181.65
12935,4243.86
12936,1063.9
12937,3097.61
12938,114.14
12939,25264.8
12940,899.69
12941,377.49
12942,675.6
12943,496.5
12944,604.51
12945,900.11
12946,324.45
12947,1603.99
12948,2317.43
12949,15526.7
12950,1843.0
12951,3213.7200000000003
12952,1387.79
12953,828.8100000000001
12954,162.45
12955,4757.16
12956,521.89
12957,8706.97
12958,467.34
12959,150.95
12960,1322.07
12961,211.99
12962,266.39
12963,3235.79
12964,132.24
12965,769.8100000000001
12966,160.18
12967,2938.52
12968,135.95
12969,122.45
12970,1453.6
12971,15704.6
12972,1161.2
12973,385.55
12974,408.95
12975,2100.09
12976,3156.38
12977,513.88
12978,2502.82
12979,517.7
12980,16245.78
12981,372.21999999999997
12982,2744.81
12983,490.08000000000004
12984,97.5
12985,1239.38
12986,2729.84
12987,1312.21
12988,505.82
12989,13551.75
12990,955.5
12991,764.82
12992,93.35000000000001
12993,1259.6299999999999
12994,974.4200000000001
12995,211.32
12996,355.5
12997,2110.91
12998,920.08
12999,455.88
13000,1032.5
13001,24042.65
13002,414.13
13003,149.05
13004,11650.85
13005,999.68
13006,81.57
13007,175.25
13008,612.13
13009,234.0
13010,330.12
13011,50.550000000000004
13012,2957.83
13013,11097.43
13014,5381.08
13015,6579.78
13016,789.89
13017,204.0
13018,9763.16
13019,1229.95
13020,618.96
13021,4887.24
13022,65.3
13023,1449.03
13024,555.87
13025,323.39
13026,1733.08
13027,17239.2
13028,661.3199999999999
13029,1927.3
13030,752.4399999999999
13031,3292.84
13032,2815.96
13033,220.55
13034,756.82
13035,1364.2
13036,307.1
13037,3914.9500000000003
13038,908.46
13039,1010.73
13040,676.99
13041,799.13
13042,1488.59
13043,516.42
13044,4848.05
13045,808.92
13046,949.25
13047,8428.53
13048,4049.13
13049,1408.24
13050,11986.52
13051,155.8
13052,3119.33
13053,127.65
13055,2321.11
13056,209.48
13057,709.59
13058,271.40000000000003
13059,2291.77
13060,307.53
13061,248.61
13062,346.98
13063,188.4
13064,1666.8400000000001
13065,1055.05
13066,470.8
13067,508.51
13068,344.0
13069,9284.45
13070,751.7
13071,129.22
13072,177.15
13073,418.08
13074,1378.74
13075,919.61
13076,135.4
13077,2740.65
13078,29018.06
13079,419.18
13080,280.73
13081,56838.37
13082,7335.75
13083,395.43
13084,122.39999999999999
13085,2433.28
13086,439.33000000000004
13087,313.64
13088,236.11
13089,113416.91
13090,13091.74
13091,2321.82
13092,2140.28
13093,54144.25
13094,2209.44
13095,74.39999999999999
13096,419.70000000000005
13097,13324.1
13098,28882.44
13099,207.35999999999999
13101,695.4
13102,11380.1
13103,709.64
13104,1709.1
13105,72.0
13106,603.46
13107,5253.07
13108,748.46
13109,1134.03
13110,2957.4700000000003
13111,321.88000000000005
13112,20.6
13113,18230.07
13114,234.38
13115,5494.7
13116,501.14
13117,2255.66
13118,2415.41
13119,134.9
13120,30.599999999999998
13121,283.73
13122,922.39
13123,506.75
13124,4641.66
13125,148.62
13126,3774.81
13127,259.17
13128,263.5
13129,233.25
13130,64.0
13131,3313.77
13132,77.3
13133,200.45000000000002
13134,2475.23
13135,3371.45
13136,6274.56
13137,7586.94
13138,1274.01
13139,8202.98
13140,1054.92
13141,7656.08
13142,307.09
13143,405.1
13144,135.35
13145,1128.52
13146,228.91
13147,712.8000000000001
13148,8497.82
13149,1676.06
13150,449.96999999999997
13151,2465.21
13152,2146.38
13153,486.22
13154,1624.84
13155,1370.48
13156,1586.54
13157,5687.36
13158,1508.18
13159,1429.35
13160,91.8
13161,472.13
13162,9275.49
13163,17.65
13164,372.2
13165,1451.16
13166,875.93
13167,1125.15
13168,1840.73
13169,840.08
13170,108.81
13171,468.41
13172,69.6
13173,2399.82
13174,7995.36
13175,831.45
13176,481.49
13177,512.2
13178,14059.19
13179,572.3100000000001
13180,86.10000000000001
13181,359.69
13182,121.18
13183,7036.18
13184,1668.95
13185,71.4
13186,1575.89
13187,341.36
13188,114.60000000000001
13189,260.68
13190,570.66
13191,164.69
13192,2558.58
13193,112.08
13194,472.78
13195,136.73
13196,3068.84
13197,373.01000000000005
13198,4974.2300000000005
13199,15964.210000000001
13200,870.09
13201,1233.06
13202,1580.3
13203,2648.25
13204,966.6600000000001
13205,2803.2
13206,8308.19
13207,535.86
13208,1976.3
13209,8509.51
13210,353.48
13211,2618.77
13212,786.83
13213,3851.52
13214,3264.23
13215,81.6
13216,333.74
13217,666.48
13218,62.63999999999999
13219,76.23
13220,1336.0900000000001
13221,847.41
13222,88.5
13223,969.1200000000001
13224,2155.95
13225,16260.07
13226,312.46
13227,257.7
13228,358.0
13229,160.95
13230,6120.01
13232,1328.35
13233,1176.46
13234,346.5
13235,1031.07
13236,744.85
13237,643.0
13238,1006.63
13239,1594.69
13240,1475.79
13241,112.53
13242,699.4
13243,1220.38
13244,121.74000000000001
13245,989.22
13246,3351.75
13247,501.12
13248,465.68
13249,1608.93
13250,253.09
13251,252.68
13252,399.3
13253,2951.11
13254,51.410000000000004
13255,678.76
13257,149.75
13258,1009.43
13259,1402.54
13260,557.62
13261,944.1
13262,573.45
13263,8676.2
13264,722.5600000000001
13265,2092.66
13266,6135.04
13267,9429.81
13268,3174.75
13269,8537.32
13270,590.0
13271,211.49
13272,276.56
13273,138.98
13274,360.85
13275,238.86
13276,1891.91
13277,523.3
13278,1435.85
13279,137.75
13280,2293.33
13281,350.85
13282,1313.19
13283,373.36
13284,201.19
13285,3364.59
13286,734.91
13287,781.59
13288,927.61
13289,307.95
13290,208.63
13291,3270.79
13292,994.51
13293,1192.94
13294,1689.53
13295,1101.97
13296,792.51
13297,4368.62
13298,360.0
13299,1218.7
13300,1285.51
13301,618.09
13302,159.2
13303,61.72
13304,1217.99
13305,3616.41
13306,53.65
13307,273.34
13308,1670.3700000000001
13309,1706.3700000000001
13310,1541.2
13311,598.57
13312,124.75
13313,3445.32
13314,775.94
13315,310.26
13316,12940.82
13317,6486.091
13318,640.76
13319,21323.22
13320,2211.6
13321,567.36
13322,199.48000000000002
13323,787.85
13324,10513.47
13325,675.3
13326,281.76
13327,9134.48
13328,1308.48
13329,4808.77
13330,2796.1
13331,262.4
13332,350.9
13333,1015.74
13334,6201.8
13336,795.12
13337,1575.26
13338,2445.62
13339,860.12
13340,22100.56
13341,775.85
13343,353.43
13344,2511.69
13345,389.5
13346,299.4
13347,341.36
13348,233.76
13349,247.32
13350,979.12
13351,373.94
13352,397.97999999999996
13354,743.53
13355,674.7
13356,768.24
13357,3805.5099999999998
13358,439.03
13359,1043.31
13360,1553.65
13361,1450.5
13362,5394.07
13363,1723.86
13364,134.95999999999998
13365,2225.37
13366,56.160000000000004
13367,510.20000000000005
13368,1121.5
13369,308.28000000000003
13370,754.87
13371,2297.66
13372,378.64
13373,7587.1900000000005
13374,422.8
13375,1792.23
13376,1019.76
13377,1552.88
13379,572.56
13380,62.4
13381,8224.37
13382,1387.58
13383,305.28000000000003
13384,6680.83
13385,534.57
13386,835.46
13387,186.94
13388,1185.65
13389,797.96
13390,544.08
13391,59.8
13392,91.14
13393,1131.45
13394,6621.7
13395,1180.23
13396,1360.99
13397,3191.87
13398,670.34
13399,275.4
13400,310.83
13402,1226.8500000000001
13403,229.5
13404,252.49
13405,1213.811
13406,568.92
13407,2244.7
13408,50174.782
13410,2201.96
13411,213.55
13412,487.34999999999997
13413,429.44
13414,2494.14
13415,784.17
13416,940.8000000000001
13417,1669.49
13418,11559.66
13419,221.06
13420,159.85
13421,4058.75
13422,2626.3
13423,217.03
13424,572.77
13425,3390.4300000000003
13426,8167.38
13427,1006.53
13428,478.54
13429,1006.8
13430,679.45
13431,3316.24
13432,439.1
13433,658.3199999999999
13434,1666.8600000000001
13435,4447.33
13436,196.89
13437,3408.06
13438,46.5
13439,986.61
13440,1295.25
13441,720.9
13442,419.87
13443,1273.16
13444,619.08
13445,241.89999999999998
13446,3881.89
13447,1129.14
13448,8745.93
13449,291.88
13450,4120.04
13451,7090.06
13452,729.8
13453,781.6899999999999
13454,219.87
13455,2212.9900000000002
13456,1766.72
13457,148.22
13458,11959.27
13459,1160.4099999999999
13460,183.44
13461,4160.0
13462,1153.85
13464,3097.64
13465,931.12
13466,1013.35
13467,1071.91
13468,12793.28
13469,82.4
13470,165.0
13471,2501.84
13472,592.24
13473,2657.7599999999998
13474,646.59
13475,1431.78
13476,2061.4700000000003
13477,2819.17
13478,2215.78
13479,851.37
13480,627.82
13481,3830.84
13482,336.09
13483,140.34
13484,790.72
13485,3019.2200000000003
13486,1122.41
13487,846.87
13488,14205.96
13489,449.52
13490,154.25
13491,4467.66
13492,1269.84
13493,618.63
13494,316.26000000000005
13495,4863.31
13496,653.33
13497,1166.83
13498,327.38
13499,1159.11
13500,1466.3
13501,2885.11
13502,780.5
13503,1859.24
13504,295.93
13505,4393.63
13506,1338.08
13507,2479.16
13508,287.05
13509,1114.72
13510,4558.29
13511,282.76
13512,713.39
13513,824.59
13514,815.9000000000001
13515,1265.82
13516,1685.26
13517,2128.42
13518,627.16
13519,343.21
13520,6606.0
13521,1071.73
13522,125.80000000000001
13523,4534.57
13524,680.1800000000001
13525,628.78
13526,1182.0
13527,4541.29
13529,307.76
13530,402.97999999999996
13531,1433.07
13532,210.31
13533,269.09
13534,7720.9
13535,89.5
13536,3444.39
13537,717.85
13538,3103.13
13539,1569.3600000000001
13540,632.39
13541,785.25
13542,3959.4900000000002
13543,1439.6100000000001
13544,790.2
13545,364.93
13546,1086.24
13547,167.08
13548,901.44
13549,1005.8
13550,342.55
13551,244.2
13552,6948.92
13553,499.6
13554,1629.35
13555,8891.84
13556,200.82
13557,3032.26
13558,594.52
13559,990.0
13560,171.42000000000002
13561,1803.4
13562,4838.18
13563,777.53
13564,16498.97
13565,414.8
13566,1688.6
13567,1079.29
13568,187.05
13569,726.54
13570,239.49
13571,4537.26
13572,1384.25
13573,904.52
13574,404.45
13575,732.0699999999999
13576,11202.59
13577,3489.28
13578,147.66
13579,1374.34
13580,107.75
13581,280.53000000000003
13582,241.68
13583,1445.031
13584,385.7
13585,684.54
13586,127.28
13587,1673.5
13588,2478.95
13589,1120.74
13590,6336.04
13591,2093.94
13592,247.95999999999998
13593,5493.29
13594,533.32
13595,784.48
13596,664.11
13597,396.71
13598,761.96
13599,9811.04
13600,518.42
13601,1159.99
13602,1025.17
13603,164.34
13604,717.62
13605,522.67
13606,276.75
13607,1075.81
13608,232.05
13609,167.35
13610,2103.71
13611,3297.9300000000003
13612,818.29
13613,1039.8500000000001
13614,2332.74
13615,6272.53
13616,283.85
13617,1278.75
13618,177.34
13619,224.94
13620,112.34
13621,213.85
13622,658.95
13623,2533.06
13624,462.08
13625,301.26
13626,707.04
13627,2245.9
13628,310.14
13629,13370.86
13630,2031.78
13631,3070.42
13632,3645.81
13634,5033.77
13635,2999.16
13636,949.12
13637,804.3
13638,122.64
13639,1346.27
13640,405.0
13641,1016.47
13642,472.2
13643,2156.77
13644,2624.26
13645,252.1
13646,326.25
13647,3041.68
13648,1764.02
13649,1453.68
13650,3288.0
13651,226.85
13652,2262.05
13653,152.2
13654,6308.0
13655,2280.51
13656,1078.85
13657,382.14
13658,6025.5
13659,4884.68
13660,306.64
13661,325.24
13662,2233.61
13663,2047.51
13665,1711.6599999999999
13666,127.89999999999999
13667,299.05
13668,12948.48
13669,413.55
13670,349.7
13671,172.6
13672,419.92
13673,387.44
13674,240.68
13675,486.82000000000005
13676,243.9
13677,551.24
13678,232.6
13679,281.26
13680,11419.67
13681,827.83
13682,59.5
13683,258.6
13684,594.88
13685,3119.44
13686,409.04
13687,11880.84
13688,375.5
13689,1259.5
13690,172.25
13691,212.78
13692,3114.4
13693,2011.82
13694,195640.69
13695,2770.73
13696,2020.4
13697,151.29999999999998
13698,451.73
13699,764.15
13700,2596.9700000000003
13701,161.0
13702,135.18
13703,425.56
13704,2308.06
13705,1717.19
13706,631.17
13707,3365.86
13708,285.33
13709,7571.35
13710,509.52
13711,1792.26
13712,766.42
13713,740.76
13714,161.35
13715,8153.04
13716,138.28
13717,1763.3
13718,306.55
13719,2783.08
13720,799.9
13721,741.54
13722,5635.41
13723,1194.08
13724,213.01
13725,1980.56
13726,1079.6599999999999
13727,1074.15
13728,2855.17
13729,724.73
13730,752.6
13731,610.59
13732,491.86
13733,487.03000000000003
13734,6695.6900000000005
13735,9762.77
13736,2752.47
13737,339.59999999999997
13738,434.78000000000003
13739,292.2
13740,1582.77
13741,668.4300000000001
13742,3107.87
13743,1341.6
13744,1080.52
13745,777.36
13746,176.69
13747,169.79999999999998
13748,2064.35
13750,3602.1800000000003
13751,296.25
13752,1579.8300000000002
13753,2094.57
13754,447.05
13755,2108.06
13756,8655.95
13757,195.55
13758,8698.13
13759,659.4100000000001
13760,1363.6399999999999
13761,1952.17
13762,2472.48
13763,5217.4400000000005
13764,2919.62
13765,352.821
13766,190.35
13767,33903.57
13768,875.97
13769,5478.12
13770,785.37
13771,5728.82
13772,3100.02
13773,301.54
13774,345.0
13775,1049.66
13776,623.98
13777,49638.26
13778,1124.49
13779,161.13
13780,732.07
13781,778.83
13782,1786.08
13783,1542.09
13784,2910.23
13785,542.49
13786,3127.99
13787,1222.5
13788,3.75
13789,239.45999999999998
13790,348.8
13791,1516.0
13792,383.95
13793,96.0
13794,126.03
13795,836.3
13796,289.7
13797,1179.45
13798,75428.87
13799,2803.57
13800,1679.56
13801,324.8
13802,26259.11
13803,1338.91
13804,3161.12
13805,924.6
13806,256.38
13807,422.2
13808,1747.66
13809,679.7
13810,1499.01
13811,814.5
13812,539.0
13813,2765.47
13814,2257.32
13815,7475.74
13816,571.6700000000001
13817,382.98
13818,61.28
13819,2642.35
13820,652.75
13821,1379.08
13822,632.0
13823,3403.4500000000003
13824,3314.76
13825,255.59
13826,189.5
13827,409.8
13828,209.49
13829,102.0
13830,156.85000000000002
13831,6585.54
13832,609.89
13833,700.41
13834,324.19
13835,1095.27
13836,620.37
13837,266.59000000000003
13838,1690.07
13839,139.95000000000002
13840,651.4
13841,85.0
13842,5319.34
13843,319.75
13844,361.62
13845,312.98
13846,1307.79
13847,310.72
13848,3015.0
13849,3469.3
13850,1595.48
13851,4606.46
13852,187.35000000000002
13853,1090.14
13854,11944.56
13855,1310.3400000000001
13856,1142.03
13857,1001.01
13858,216.17
13859,515.86
13860,1245.9
13861,273.26
13862,2556.09
13863,1239.55
13864,662.4000000000001
13865,501.56
13866,145.67000000000002
13867,1005.09
13868,3192.54
13869,7996.87
13870,5712.08
13871,7885.85
13872,919.57
13873,1038.92
13874,2049.15
13875,4814.37
13876,122.7
13877,449.68
13878,2416.9
13879,395.5
13880,4293.86
13881,45179.1
13882,1191.13
13883,6560.02
13884,1825.03
13885,506.8
13886,243.56
13887,349.55
13888,2001.59
13889,1991.23
13890,2927.38
13891,859.21
13892,1267.6499999999999
13893,821.1
13894,564.62
13895,4008.52
13896,388.55
13897,1160.72
13898,686.4
13899,388.52
13900,1610.59
13901,5676.34
13902,34095.26
13903,165.45000000000002
13904,332.64
13905,312.65
13906,42.0
13907,136.8
13908,2369.55
13909,282.85
13911,4234.99
13912,124.95
13913,42.22
13914,626.45
13915,70.80000000000001
13916,1275.81
13917,272.04
13918,1212.8400000000001
13919,1360.68
13920,1774.68
13921,730.7
13922,865.2
13923,351.13
13924,1838.8500000000001
13925,678.25
13926,223.85000000000002
13927,708.26
13928,464.57
13929,3494.1
13930,337.34
13931,5257.38
13932,307.4
13933,608.7900000000001
13934,922.1
13935,6116.92
13936,939.66
13937,880.13
13938,71.66
13939,1560.96
13940,839.14
13941,10027.18
13942,320.0
13943,246.54
13944,200.43
13945,854.15
13946,1876.23
13947,90.6
13948,548.76
13949,2427.32
13950,745.06
13951,674.45
13952,12823.521
13953,6640.68
13954,439.92
13955,544.0699999999999
13956,1019.27
13957,458.25
13958,4709.2300000000005
13959,1064.77
13960,230.22
13961,538.4
13962,362.8
13963,2860.57
13964,438.9
13965,996.61
13966,384.26
13967,166.3
13968,123.66
13969,12973.460000000001
13970,846.55
13971,4667.57
13972,190.25
13973,264.7
13974,677.72
13975,5256.4
13976,1192.36
13977,519.8100000000001
13978,196.79000000000002
13979,3379.93
13980,768.82
13981,331.14
13982,3954.29
13983,6753.89
13984,1893.8
13985,10020.86
13986,320.46
13987,682.54
13988,4757.8
13989,2026.06
13990,311.3
13991,852.88
13992,219.5
13993,6775.71
13994,2274.14
13995,3902.01
13996,895.76
13997,376.46
13998,566.7
13999,9502.26
14000,2046.3400000000001
14001,4228.85
14002,529.73
14003,209.41
14004,6258.45
14005,2874.72
14006,2196.67
14007,79.48
14008,509.04
14009,1099.91
14010,445.15
14011,457.82
14012,328.8
14013,1084.57
14014,1948.21
14015,917.34
14016,11403.41
14017,229.75
14018,367.15000000000003
14019,1421.61
14020,1249.01
14021,1716.58
14022,792.15
14023,584.07
14024,645.74
14025,4057.9
14026,713.11
14027,104.82
14028,10396.5
14029,467.66
14030,7521.8
14031,39019.51
14032,4546.41
14033,109.44
14034,648.89
14035,2794.75
14036,626.65
14037,836.95
14038,3069.88
14039,267.28000000000003
14040,12523.81
14041,141.41
14042,431.98
14043,302.6
14044,3077.7
14045,10986.63
14046,154.99
14047,3968.11
14048,748.69
14049,13023.4
14050,746.36
14051,21770.98
14052,466.66
14053,572.3
14054,92.46
14055,1520.96
14056,8152.71
14057,8346.66
14058,469.19
14059,183.6
14060,8898.24
14061,917.4300000000001
14062,25585.65
14063,22710.2
14064,3260.24
14065,891.02
14066,152.55
14067,374.7
14068,1516.72
14069,225.81
14070,321.6
14071,1437.57
14072,390.85
14073,151.04
14074,219.39999999999998
14075,1734.87
14076,118.67
14077,615.0799999999999
14078,1553.47
14079,618.73
14080,1115.68
14081,4867.57
14082,413.36
14083,1082.19
14084,150.5
14085,9720.67
14086,39.95
14087,829.47
14088,64036.8
14089,158.75
14090,76.32000000000001
14091,9530.08
14092,7229.45
14093,433.86
14094,311.77
14095,2.95
14096,65164.79
14097,422.85999999999996
14098,147.35
14099,5750.91
14100,191.95000000000002
14101,9961.93
14102,1105.8799999999999
14104,743.53
14105,5988.83
14106,214.79999999999998
14107,4877.3
14108,1044.96
14109,144.2
14110,12987.95
14111,692.85
14112,5834.59
14113,7092.610000000001
14114,1364.09
14115,622.6700000000001
14116,1382.74
14117,90.0
14118,458.45
14119,183.37
14121,2780.15
14122,362.42
14123,436.18
14124,419.58000000000004
14125,2720.63
14126,1172.46
14127,1900.0800000000002
14128,924.21
14129,2591.34
14130,1858.77
14131,168.22
14132,3586.0299999999997
14133,911.14
14134,11123.35
14135,8839.67
14136,1570.81
14137,332.7
14138,965.8800000000001
14139,1086.8
14140,935.05
14141,915.13
14142,671.34
14143,115.8
14144,30.599999999999998
14145,7600.05
14146,9450.3
14147,2590.2
14148,466.29
14149,446.62
14150,658.64
14151,679.45
14152,1997.3400000000001
14153,233.4
14154,6460.7
14155,118.75
14156,313437.62
14157,978.69
14158,507.66
14159,7860.8
14160,8421.47
14161,2996.93
14162,289.36
14163,2594.62
14164,1631.77
14165,120.44
14166,251.15
14167,1274.29
14168,370.45
14169,621.51
14170,570.18
14171,498.79
14172,369.02
14173,586.0
14174,134.46
14175,7678.88
14176,756.46
14177,2209.69
14178,1600.26
14179,701.57
14180,6117.5
14181,308.35
14182,678.77
14183,278.34000000000003
14184,452.89
14185,197.65
14186,1550.63
14187,123.5
14188,2054.36
14189,5503.15
14190,79.9
14191,4817.66
14192,293.74
14193,1210.19
14194,18670.59
14195,2615.6
14196,335.52
14197,390.05
14198,1569.73
14199,1091.7
14200,379.2
14201,1193.54
14202,847.76
14203,339.34
14204,1024.83
14205,2414.2
14206,1185.01
14207,157.8
14208,567.05
14209,4993.27
14210,5556.570000000001
14211,4402.29
14212,2190.14
14213,1192.2
14214,1004.38
14215,3250.33
14216,2150.04
14217,3298.59
14218,169.48000000000002
14219,633.83
14220,1515.0
14221,6517.49
14222,683.17
14223,991.13
14224,1841.71
14225,2031.07
14226,2985.13
14227,6368.71
14228,745.5
14229,2594.04
14230,979.8000000000001
14231,1235.6200000000001
14232,2048.07
14233,2904.27
14234,754.12
14235,4717.99
14236,1555.34
14237,471.14
14238,434.23
14239,4263.17
14240,1247.49
14241,333.70000000000005
14242,280.55
14243,7217.75
14244,366.41999999999996
14245,1693.45
14246,1474.06
14247,753.56
14248,1032.95
14249,5400.461
14250,1904.05
14251,2879.7000000000003
14252,350.99
14253,363.40000000000003
14254,601.03
14255,1000.63
14256,2460.79
14257,5954.45
14258,32051.34
14259,120.0
14260,824.28
14261,1163.45
14262,2618.23
14263,322.93
14264,1517.3600000000001
14265,1373.35
14266,40.56
14267,1516.24
14268,354.85
14269,295.73
14270,492.65000000000003
14271,214.18
14272,920.81
14273,559.97
14274,256.6
14275,1189.3799999999999
14276,2102.68
14277,17197.61
14278,205.83
14279,191.86
14280,134.04
14281,245.15
14282,7250.76
14283,628.4399999999999
14284,1299.65
14285,3284.42
14286,8479.76
14287,176.63
14288,426.6
14289,911.26
14290,4516.56
14291,7904.1
14292,9226.25
14293,2903.01
14294,375.34
14295,2362.91
14296,456.40000000000003
14297,1305.33
14298,91194.49
14299,14070.25
14300,43.2
14301,1992.18
14302,742.9000000000001
14303,277.94
14304,1725.01
14305,1858.96
14306,3151.4
14307,4287.92
14308,1147.02
14309,3780.81
14310,492.1
14311,516.45
14312,3090.29
14314,229.8
14315,3197.82
14316,1370.34
14317,508.58000000000004
14318,158.02
14319,494.85
14320,1346.75
14321,2218.06
14322,474.1
14323,605.0600000000001
14324,701.61
14325,245.48000000000002
14326,940.98
14327,1894.93
14328,445.05
14329,9887.62
14330,200.63
14331,462.65999999999997
14332,1917.41
14333,415.2
14334,4318.48
14335,454.86
14336,1614.91
14338,928.1
14339,620.27
14340,134.7
14341,4452.02
14342,918.44
14343,1079.66
14344,2993.05
14345,108.97999999999999
14346,2315.75
14347,82.6
14348,409.57
14349,133.5
14350,972.03
14351,51.0
14352,1078.96
14353,376.5
14354,163.62
14355,840.0500000000001
14356,701.23
14357,225.12
14358,400.06
14359,912.18
14360,2118.03
14361,214.70999999999998
14362,151.5
14363,227.47000000000003
14364,3717.35
14365,634.68
14366,136.0
14367,9227.82
14368,155.0
14369,469.13
14370,1175.78
14371,100.5
14372,860.08
14373,76.55
14374,108.0
14375,1106.82
14376,215.46
14377,617.05
14378,131.25
14379,1265.16
14380,48.96
14381,625.9399999999999
14382,1193.6299999999999
14383,1247.69
14384,58.5
14385,202.11
14386,142.4
14387,1727.6
14388,6388.2
14389,1898.01
14390,6150.03
14391,135.6
14392,266.4
14393,67.95
14394,93.8
14395,7801.93
14396,1969.38
14397,2612.96
14398,707.79
14399,2108.21
14400,1732.47
14401,6795.9
14402,285.6
14403,1880.51
14404,2724.13
14405,195.0
14406,156.75
14407,2157.73
14408,4102.27
14409,3427.29
14410,2631.9
14411,1063.0
14412,1426.19
14413,764.52
14414,2399.33
14415,11980.09
14416,490.22
14417,524.65
14418,1937.25
14419,1254.64
14420,1639.17
14421,2469.37
14422,10271.52
14423,916.6099999999999
14424,322.08
14425,661.39
14426,11727.94
14427,1263.52
14428,1224.06
14429,516.28
14430,1220.9
14431,2614.2
14432,2248.5
14433,280.7
14434,1372.8
14435,90.42
14436,271.70000000000005
14437,873.34
14438,131.9
14439,9443.04
14440,5982.03
14441,4611.6900000000005
14442,5367.0199999999995
14443,2082.97
14444,120.44
14445,221.65
14446,1200.28
14447,1711.73
14448,375.35
14449,2230.96
14450,1128.44
14451,3258.68
14452,658.95
14453,119.93
14454,977.3
14455,617.72
14456,3017.28
14457,113.64
14458,228.07
14459,5375.741
14460,1093.5
14461,6676.91
14462,2242.81
14463,786.5699999999999
14464,111.0
14465,3925.85
14466,4267.15
14467,2203.2400000000002
14468,204.24
14469,2093.46
14470,712.04
14471,400.95
14472,2118.72
14473,234.34000000000003
14474,1258.8899999999999
14475,1151.15
14476,193.0
14477,1969.6
14478,1276.66
14479,1124.71
14480,1299.52
14481,2284.69
14482,4306.72
14483,257.1
14484,1070.98
14485,162.8
14486,175.5
14487,1266.27
14488,1064.28
14489,1574.93
14490,1273.47
14491,340.93
14492,1921.91
14493,5087.86
14494,401.46
14495,174.8
14496,2363.89
14497,697.0600000000001
14498,3900.83
14499,2101.79
14500,356.85
14501,251.21
14502,2429.83
14503,3543.26
14504,673.26
14505,11879.08
14506,2960.25
14507,3216.7400000000002
14508,822.92
14509,110.95
14510,979.85
14511,1314.81
14512,1215.97
14513,788.01
14514,4380.04
14515,3724.06
14516,151.17
14517,330.45
14518,174.37
14519,203.14
14520,270.6
14521,199.45000000000002
14522,1748.42
14523,241.09
14524,2909.86
14525,8026.54
14526,258.65
14527,27246.88
14528,364.21999999999997
14529,578.61
14530,6088.87
14531,376.34
14532,3845.78
14533,3466.37
14534,6187.66
14535,5973.2300000000005
14536,170.95
14537,641.4
14538,1370.8400000000001
14539,537.48
14540,3709.64
14541,2491.38
14542,103.25
14543,14587.87
14544,2938.53
14545,349.25
14546,5184.84
14547,3974.75
14548,2541.29
14549,913.6
14550,1345.06
14551,878.09
14552,507.93
14553,1818.6
14554,2279.4900000000002
14555,2304.03
14556,815.69
14557,788.38
14558,655.5
14559,75.6
14560,6114.03
14561,1080.76
14562,6638.150000000001
14563,640.54
14564,2605.62
14565,3859.2200000000003
14566,4092.0
14567,1530.3600000000001
14568,919.7
14569,597.3299999999999
14570,613.75
14571,160.0
14572,5526.88
14573,2163.12
14574,143.70000000000002
14575,420.22
14576,35.400000000000006
14577,1364.15
14578,168.63
14579,105.56
14580,14.850000000000001
14581,409.65
14582,114.11
14583,1660.29
14584,1738.16
14585,1143.27
14586,237.36
14587,1580.29
14588,135.39
14589,39.75
14590,2993.37
14591,1320.21
14592,557.94
14593,3665.5299999999997
14594,363.33
14595,2164.45
14596,222.22000000000003
14597,2184.63
14598,384.04
14599,457.89
14600,865.1700000000001
14601,213.96
14602,205.35999999999999
14603,660.0
14604,143.85999999999999
14605,921.5600000000001
14606,29951.37
14607,23763.13
14608,3352.94
14609,1486.2
14610,24.35
14611,604.3299999999999
14612,877.7
14613,76.32000000000001
14614,295.13
14615,951.76
14616,527.78
14617,190.47000000000003
14618,1342.32
14619,1291.24
14620,412.78000000000003
14621,3000.57
14622,320.58000000000004
14623,2016.98
14624,814.07
14625,4497.88
14626,5410.92
14627,462.75
14628,1998.0
14629,955.26
14630,338.65
14631,2025.69
14632,114.56
14633,344.90000000000003
14634,2124.46
14635,215.22
14636,609.85
14637,106.67999999999999
14638,443.6
14639,4978.96
14640,3649.36
14641,110.46
14642,96.12
14643,1679.89
14644,2247.72
14645,876.89
14646,528602.52
14647,506.04
14648,4466.65
14649,3651.19
14650,62.5
14651,2025.52
14652,114.18
14653,3593.06
14654,246.86
14655,3878.51
14656,790.0
14657,1450.19
14658,247.15
14659,2529.93
14660,285.74
14661,107.95
14662,1376.43
14663,490.6
14664,636.24
14665,2749.65
14666,195.25
14667,20395.34
14668,111.63
14669,3216.78
14670,583.33
14671,1127.45
14672,1113.14
14673,3037.32
14674,173.66
14675,1015.58
14676,8356.79
14677,184.91
14678,403.39
14679,1289.44
14680,55688.5
14681,875.1500000000001
14682,1514.81
14683,146.56
14684,1430.03
14685,4536.64
14686,852.53
14687,1402.06
14688,7190.42
14689,112.8
14690,777.68
14691,2114.33
14692,1715.1399999999999
14693,1165.36
14694,244.31
14695,1534.22
14696,2473.28
14697,188.60999999999999
14698,1217.27
14699,702.6
14700,3076.06
14701,4487.11
14702,6368.78
14703,318.17
14704,1752.92
14705,179.0
14706,367.54
14707,139.2
14708,1793.22
14709,8886.33
14710,1899.79
14711,2839.62
14712,1328.0700000000002
14713,5115.76
14714,906.24
14715,1825.45
14716,543.28
14717,81.3
14718,226.42
14719,1581.84
14720,663.81
14721,109.07
14722,489.52
14723,1803.06
14724,341.9
14725,1252.74
14726,116.5
14727,463.72999999999996
14728,190.58
14729,586.24
14730,1897.57
14731,380.02
14732,5517.07
14733,14335.15
14734,1056.42
14735,12240.16
14736,374.05
14737,3554.17
14738,1821.9
14739,11573.62
14740,4161.06
14741,1713.09
14742,579.85
14743,50.48
14744,3660.08
14745,2551.41
14746,593.5
14747,328.2
14748,2681.9
14749,310.15
14750,112.03
14751,126.45
14752,389.64
14753,869.51
14754,1547.93
14755,9972.550000000001
14756,2653.76
14757,420.5
14758,2864.97
14759,1625.97
14760,89.2
14761,447.92
14762,417.57
14764,278.3
14765,254.11
14766,6375.7300000000005
14767,382.81
14768,192.60000000000002
14769,15514.11
14770,3637.64
14771,594.62
14772,139.26
14773,140.55
14774,241.45
14775,1011.9
14776,3708.3
14777,307.56
14778,730.86
14779,386.15
14780,447.68
14782,200.10000000000002
14783,307.3
14784,449.93
14785,77.4
14786,90.96
14787,110.65
14788,1156.32
14789,197.64
14790,2526.62
14791,303.63
14792,6.2
14793,625.9
14794,1953.9
14795,131.45000000000002
14796,10169.33
14797,300.31
14798,724.31
14799,338.15
14800,7191.33
14801,189.34
14802,1502.98
14803,845.55
14804,353.27
14805,1082.55
14806,303.43
14807,504.14
14808,2718.6
14809,686.76
14810,2354.03
14811,170.5
14812,178.85
14813,888.91
14814,154.21
14815,778.5
14816,271.85
14817,3959.86
14818,1153.56
14819,456.41
14820,1274.76
14821,1230.15
14822,157.70000000000002
14823,321.43
14824,4022.9100000000003
14825,4735.08
14826,385.2
14828,9839.460000000001
14829,1455.8700000000001
14830,188.88
14831,1676.57
14832,322.69
14833,94.8
14834,2206.16
14835,297.0
14836,102.44999999999999
14837,3460.32
14838,769.9200000000001
14839,915.28
14840,362.71
14841,7163.0
14842,2824.69
14843,211.79999999999998
14844,6702.43
14845,150.0
14846,437.4
14847,1348.95
14848,310.56
14849,15407.61
14850,1770.96
14851,829.4100000000001
14852,6132.43
14853,1376.87
14854,4303.06
14855,6520.3
14856,1290.53
14857,3651.851
14858,180.75
14859,1705.64
14860,170.32
14861,1380.73
14862,841.1999999999999
14863,266.76
14865,92.52000000000001
14866,20746.54
14867,2952.06
14868,4184.01
14869,2778.14
14870,1838.95
14871,1228.17
14872,816.6
14873,854.13
14874,116.18
14875,2862.4
14876,256.7
14877,425.85
14878,4076.5
14879,185.06
14880,690.59
14881,255.4
14882,3546.65
14883,761.59
14884,120.6
14885,1598.12
14886,364.8
14887,1862.0
14888,369.2
14889,135.9
14890,817.25
14891,1106.73
14892,202.35000000000002
14893,1809.6100000000001
14894,1492.81
14895,25119.54
14896,1826.0
14897,3140.54
14898,3365.95
14899,1331.38
14900,13.919999999999998
14901,1919.0
14902,1035.6200000000001
14903,2795.33
14904,1630.49
14905,1971.39
14906,68.44
14907,5547.72
14908,381.9
14909,1404.68
14910,434.35
14911,291420.81
14912,1889.25
14913,4073.13
14915,1811.25
14916,3042.95
14917,1123.75
14918,5955.81
14919,359.35
14920,1607.17
14921,1316.07
14922,843.74
14923,749.1
14924,931.01
14926,359.4
14927,308.2
14928,223.91000000000003
14929,836.69
14930,5236.7300000000005
14931,1257.68
14932,666.13
14933,1770.0
14934,3503.5
14935,2849.83
14936,12410.81
14937,1621.88
14938,2322.43
14940,531.49
14941,182.1
14942,746.56
14943,107.62
14944,9784.67
14945,179.4
14946,100.9
14947,1049.79
14948,1101.97
14949,515.0
14950,371.2
14951,311.69
14952,17629.35
14953,971.32
14954,462.12
14955,163.77
14956,1325.0
14957,261.69
14958,941.99
14959,695.42
14960,221.27
14961,16410.15
14962,366.91
14963,3123.57
14964,206.21
14965,596.09
14966,1064.26
14967,1982.6100000000001
14968,501.24
14969,906.23
14970,4919.35
14971,1097.98
14972,145.07
14973,1314.45
14974,89.94
14975,472.39
14976,790.86
14977,31.929999999999996
14978,3112.19
14979,429.66
14980,150.68
14981,372.92
14982,237.78
14983,183.20000000000002
14984,1260.51
14985,292.01
14986,563.1
14987,1550.6499999999999
14988,2038.65
14989,342.4
14990,304.17
14991,314.67
14992,210.5
14993,36.13
14994,946.72
14995,231.98000000000002
14996,442.28999999999996
14997,776.5999999999999
14998,753.18
14999,129.48000000000002
15000,490.52
15001,199.10999999999999
15002,4138.08
15003,1027.03
15004,1220.77
15005,13754.58
15006,757.78
15007,156.91
15008,360.0
15009,1259.43
15010,308.94
15011,416.6
15012,646.26
15013,1610.82
15014,257.67
15015,2354.97
15016,620.89
15017,125.58
15018,496.21000000000004
15019,252.81
15020,198.47
15021,2500.59
15022,1133.44
15023,11578.65
15024,3559.39
15025,979.79
15026,1048.8899999999999
15027,3195.6
15028,962.94
15029,365.1
15030,1979.91
15031,3102.94
15032,11010.05
15033,2557.18
15034,8231.2
15035,252.73000000000002
15036,429.56
15037,397.76
15038,1146.53
15039,39141.48
15040,7.49
15041,289.4
15042,315.45
15043,2870.3199999999997
15044,16024.15
15045,735.66
15046,7623.79
15047,343.62
15048,381.0
15049,121.17000000000002
15050,4087.19
15051,3926.91
15052,207.73000000000002
15053,693.95
15054,302.1
15055,549.12
15056,113.64999999999999
15057,3255.96
15058,3387.58
15059,3491.2
15060,294.25
15061,126389.02
15062,2585.62
15063,370.79999999999995
15064,1254.41
15065,3326.86
15066,893.59
15067,3862.88
15068,1174.9
15069,1109.53
15070,737.0500000000001
15071,1455.56
15072,187.51999999999998
15073,2788.02
15074,1553.1299999999999
15075,773.03
15076,1447.74
15077,2428.08
15078,17286.73
15079,3625.4
15080,546.25
15081,1854.57
15082,93.35000000000001
15083,88.2
15084,965.2
15085,347.54
15086,218.53
15087,306.94
15088,1160.07
15089,2420.84
15090,381.32
15091,1046.6100000000001
15092,776.46
15093,13702.38
15094,83.0
15095,3141.64
15096,219.39000000000001
15097,908.35
15098,39916.5
15099,410.48
15100,2193.8999999999996
15101,1477.94
15102,554.67
15103,703.36
15104,993.54
15105,3094.91
15106,1422.52
15107,824.35
15108,1300.25
15109,983.1
15110,1505.8500000000001
15111,2442.37
15112,209.4
15113,3509.43
15114,3400.12
15115,531.85
15116,1352.75
15117,2485.9700000000003
15118,244.8
15119,266.4
15120,358.82
15121,457.72
15122,4487.27
15123,4656.17
15124,450.82
15125,17024.87
15126,449.49
15127,711.5
15128,1783.68
15129,6860.18
15130,330.11
15131,80.28
15132,977.9300000000001
15133,1806.9
15134,1596.29
15135,305.68
15136,1286.7
15137,823.4
15138,502.52
15139,178.96
15140,3243.69
15141,1388.47
15142,2619.92
15143,563.63
15144,12160.31
15145,1194.73
15146,1327.16
15147,623.5
15148,301.29
15149,1554.6100000000001
15150,8977.94
15151,2085.61
15152,5263.83
15153,329.25
15154,1343.72
15155,383.96999999999997
15156,961.49
15157,2654.11
15158,606.02
15159,22116.73
15160,589.27
15161,119.92
15162,312.9
15163,304.47
15164,2028.1100000000001
15165,487.75
15166,167.16
15167,1627.62
15168,106.56
15169,569.22
15170,81.15
15171,1289.5
15172,1624.05
15173,1494.6
15174,481.46
15175,224.14
15176,988.04
15177,948.93
15178,40.5
15179,7491.92
15180,816.9300000000001
15181,1200.2
15182,2998.952
15183,639.93
15184,685.39
15185,310.62
15186,1403.2
15187,4777.18
15188,310.43
15189,17524.38
15190,834.4399999999999
15191,588.05
15192,1666.39
15193,499.32
15194,12021.53
15195,3861.0
15196,313.7
15197,1877.51
15198,571.35
15199,3122.4
15200,549.05
15201,1842.95
15202,6001.49
15203,4400.18
15204,316.58
15205,653.24
15206,420.29999999999995
15207,683.9200000000001
15208,970.52
15209,178.98000000000002
15210,1176.19
15211,894.4100000000001
15212,208.28
15213,328.35
15214,1661.44
15215,2422.43
15216,486.09
15217,426.24
15218,11468.83
15219,685.45
15220,1778.96
15221,2062.2000000000003
15222,3550.91
15223,1417.95
15224,871.36
15225,409.40000000000003
15226,154.41
15227,2488.4900000000002
15228,5580.2699999999995
15229,160.5
15230,429.6
15231,250.26
15232,612.06
15233,59.400000000000006
15234,197.0
15235,2772.76
15236,321.05
15237,1412.32
15238,1071.99
15239,780.59
15240,4459.98
15241,3050.16
15242,302.04
15243,927.2800000000001
15244,912.08
15245,4610.84
15246,780.4
15247,976.06
15248,1893.93
15249,9266.0
15250,60.0
15251,20324.54
15252,2103.41
15253,2055.09
15254,1088.35
15255,3706.02
15256,170.4
15257,685.9
15258,623.16
15259,1182.3799999999999
15260,8767.73
15261,1508.0
15262,418.82
15263,156.51
15264,848.4
15265,3345.64
15266,852.21
15267,1717.36
15268,961.9000000000001
15269,1225.3600000000001
15270,8524.86
15271,4528.54
15272,2030.95
15273,228.96
15274,716.57
15275,615.14
15276,619.8
15277,476.34
15278,496.15999999999997
15279,1580.54
15280,397.52
15281,8543.57
15282,348.59
15283,148.33
15284,24.75
15285,94.92
15286,240.55
15287,856.03
15288,3715.38
15289,1593.09
15290,10496.28
15291,13517.76
15292,178.39
15293,247.5
15294,233.35
15295,207.04
15296,10323.03
15297,641.94
15298,9061.77
15299,6156.53
15300,496.44
15301,6909.67
15302,308.0
15303,1224.18
15304,796.4000000000001
15305,93.6
15306,3484.73
15307,205.3
15308,310.47
15309,797.96
15310,1634.64
15311,114966.42
15312,2930.19
15313,52.0
15314,820.4499999999999
15315,570.5
15316,165.0
15317,129.75
15318,312.62
15319,204.5
15320,267.13
15321,6709.7300000000005
15322,1390.86
15323,434.6
15324,140.22000000000003
15325,1601.46
15326,1700.52
15327,208.75
15328,107.24
15329,2958.83
15330,714.96
15331,767.91
15332,4892.68
15333,1028.56
15334,350.82
15335,170.22
15336,240.5
15337,373.02
15338,277.93
15339,1821.02
15340,105.5
15341,2402.7200000000003
15342,406.09
15343,364.5
15344,563.94
15345,393.54
15346,596.12
15347,1162.0
15348,158.04
15349,463.90999999999997
15350,547.6
15351,3430.22
15352,111.15
15353,2794.4700000000003
15354,284.4
15355,277.05
15356,3239.57
15358,16425.86
15359,181.35
15360,427.93
15361,689.07
15362,613.08
15363,678.11
15364,913.19
15365,4557.13
15366,2389.08
15367,5081.33
15368,722.74
15369,6251.26
15370,3739.01
15371,59.400000000000006
15372,6017.06
15373,3084.54
15374,307.32
15375,60.959999999999994
15376,1221.56
15377,1211.75
15378,246.5
15379,4877.84
15380,3248.96
15381,1890.5700000000002
15382,13733.550000000001
15384,2027.79
15385,942.08
15386,394.14
15387,468.65
15388,140.54
15389,2733.8
15390,1216.66
15391,289.87
15392,2911.62
15393,891.34
15394,5286.8
15395,107.45
15396,796.38
15397,94.0
15398,1345.53
15399,815.77
15400,1302.3
15401,216.95000000000002
15402,1830.54
15403,170.88
15404,257.06
15405,659.84
15406,975.87
15407,1046.74
15408,267.18
15409,131.25
15410,4685.72
15411,1348.93
15412,190.53
15413,6798.72
15414,774.9000000000001
15415,559.61
15416,4572.82
15417,508.8
15418,449.42
15419,135.86
15420,743.0
15421,3805.34
15422,1619.97
15423,266.89
15424,597.78
15425,1941.1200000000001
15426,2156.35
15427,1430.54
15428,762.75
15429,397.35
15430,954.75
15431,153.24
15432,320.76
15433,533.3
15434,2567.06
15435,149.29
15436,1067.75
15437,393.45
15438,156.57999999999998
15439,1269.05
15440,383.68
15441,1254.21
15442,594.0
15443,5114.23
15444,1411.21
15445,284.5
15446,399.75
15447,492.88
15448,788.81
15449,974.52
15450,429.84
15451,226.86
15452,1785.1100000000001
15453,1371.77
15454,305.99
15455,38.25
15456,2091.52
15457,237.07
15458,370.43999999999994
15459,202.82999999999998
15460,214.26
15461,429.7
15462,737.05
15463,126.14
15464,1044.65
15465,12100.4
15466,1560.46
15467,524.88
15468,1430.48
15469,874.25
15470,63.419999999999995
15471,1292.01
15472,371.56
15473,2046.0
15474,150.35
15475,454.10999999999996
15476,2209.98
15477,368.4
15478,1983.48
15479,147.4
15480,6279.0
15481,1993.34
15482,14417.36
15483,817.8199999999999
15484,4652.1
15485,4810.92
15486,102.0
15487,231.32
15488,431.92
15489,2419.61
15490,210.85
15491,3100.09
15492,659.4599999999999
15493,4121.68
15494,3702.6
15495,246.5
15496,146.14000000000001
15497,8657.39
15498,24972.86
15499,158.65
15500,1131.56
15501,399.95
15502,13003.869999999999
15503,257.3
15504,402.7
15505,3610.96
15506,2030.33
15507,475.86
15508,1000.27
15509,152.41
15510,250.0
15511,900.53
15512,331.58
15513,26437.05
15514,6392.06
15515,171.81
15516,62.43
15517,267.03
15518,4189.99
15519,344.61
15520,343.5
15521,7098.24
15522,397.99
15523,17259.19
15524,591.4
15525,890.22
15526,148.44
15527,5554.89
15528,229.33
15529,4783.66
15530,1808.68
15531,1972.39
15532,3738.85
15533,807.57
15534,162.25
15535,1044.3700000000001
15536,259.09
15537,110.92
15538,3358.3999999999996
15539,538.46
15540,460.68
15541,85.13000000000001
15542,855.71
15543,242.26
15544,7807.89
15545,288.96999999999997
15546,1079.1000000000001
15547,10057.05
15548,158.09
15549,2334.16
15550,2211.05
15551,1679.81
15552,252.52
15553,428.93
15554,217.2
15555,11243.91
15556,279.77
15557,468.91
15558,202.68
15559,1109.4
15560,153.52
15561,1934.3899999999999
15562,671.4300000000001
15563,2859.46
15564,70.74000000000001
15565,173.16
15566,227.87
15567,186.01
15568,758.29
15569,3583.45
15570,8736.49
15571,3892.35
15572,3965.2
15573,1188.42
15574,1101.44
15575,30.1
15576,921.37
15577,396.03000000000003
15578,127.1
15579,1250.63
15580,1375.39
15581,7480.4
15582,682.9100000000001
15583,95.96
15584,1268.2
15585,455.3
15586,1139.1
15587,1522.0800000000002
15588,579.6
15589,478.53000000000003
15590,1496.6
15591,217.9
15592,388.58
15593,199.8
15594,1771.78
15595,357.6
15596,2727.72
15597,563.37
15598,548.02
15599,1250.06
15600,1199.31
15601,14191.74
15602,3137.96
15603,88.48
15604,216.39
15605,1741.95
15606,5230.99
15607,1708.97
15608,1785.98
15609,298.48
15610,112.46000000000001
15611,2997.28
15612,195.15
15613,433.71999999999997
15614,3147.36
15615,21373.97
15616,317.11
15617,828.5500000000001
15618,776.851
15619,336.40000000000003
15620,1942.36
15621,1293.03
15622,7852.61
15623,2437.05
15624,588.13
15625,3236.4
15626,1067.52
15627,566.9
15628,5333.08
15629,2240.9
15630,1481.4
15631,596.67
15632,3285.31
15633,4335.96
15634,554.65
15635,100.35
15636,1444.58
15637,797.59
15638,2265.2
15639,1065.08
15640,23494.31
15641,5345.55
15642,105.78000000000002
15643,664.0
15644,803.54
15645,1055.17
15646,784.8100000000001
15647,169.0
15648,639.5
15649,1660.35
15650,553.88
15651,1259.06
15652,1405.94
15653,877.4399999999999
15654,922.53
15655,560.67
15656,748.5
15657,30.0
15658,2117.27
15659,532.49
15660,2603.69
15661,1215.95
15662,283.73
15663,138.14
15664,1254.03
15665,3987.07
15666,632.9399999999999
15667,301.32
15668,76.32000000000001
15669,684.34
15670,325.2
15671,2657.13
15672,45.300000000000004
15673,6204.32
15674,6948.2300000000005
15675,542.04
15676,3435.76
15677,1305.63
15678,1825.94
15679,781.28
15680,4028.69
15681,2989.7
15682,318.24
15683,524.54
15684,173.95
15685,55.980000000000004
15686,90.0
15687,2993.1
15688,190.57
15689,521.03
15690,239.76
15691,571.3
15692,191.04
15693,37.5
15694,9978.48
15695,1131.04
15696,3881.2200000000003
15697,246.75
15698,46.2
15699,309.65
15700,696.68
15701,1529.0
15702,140.39000000000001
15703,211.5
15704,3734.6600000000003
15705,143.1
15706,1060.56
15707,916.98
15708,3887.15
15709,327.85
15710,898.87
15711,420.25
15712,3472.4100000000003
15713,839.64
15714,783.96
15715,658.02
15716,2485.26
15717,607.0
15718,293.79
15719,10195.97
15720,739.22
15721,471.40000000000003
15722,5234.0
15723,930.7
15724,310.85
15725,415.25
15726,321.91
15727,9371.71
15728,544.6
15729,192.55
15730,1726.58
15731,125.3
15732,1543.97
15733,162.3
15734,2263.3
15735,327.68
15736,1767.12
15737,1188.1200000000001
15738,13043.32
15739,449.12
15740,154.88
15741,208.62
15742,156.87
15743,775.96
15744,34.8
15745,1094.59
15746,196.88
15747,2499.81
15748,609.8100000000001
15749,44534.3
15750,6452.991
15751,1380.44
15752,3924.91
15753,79.2
15754,3037.61
15755,5993.12
15756,528.01
15757,2940.36
15758,205.25
15759,830.9300000000001
15760,13916.34
15761,143.05
15762,583.75
15763,1086.92
15764,4503.08
15765,370.63
15766,831.06
15768,15308.89
15769,88612.52
15770,321.45
15771,1006.54
15772,280.88
15773,774.52
15774,1288.34
15775,150.5
15776,241.62
15777,1762.61
15778,307.95
15779,124.08000000000001
15780,475.28000000000003
15781,345.46
15782,4014.1
15783,246.3
15784,848.3299999999999
15785,5969.93
15786,8501.62
15787,933.26
15788,221.82999999999998
15789,1962.01
15790,218.75
15791,3608.34
15792,933.84
15793,2399.57
15794,777.0
15795,1979.8700000000001
15796,5171.63
15797,2821.08
15798,1535.37
15799,1421.34
15800,1227.07
15801,1063.95
15802,451.42
15803,1929.66
15804,4206.39
15805,10148.93
15806,784.58
15807,1817.52
15808,17180.25
15809,1274.44
15810,2999.04
15811,3486.15
15812,5201.47
15813,1303.9099999999999
15814,2634.44
15815,2100.6
15816,144.14999999999998
15817,2766.4
15818,340.5
15819,3934.79
15820,206.98
15821,570.96
15822,1840.06
15823,3882.17
15824,890.94
15825,532.94
15826,2598.28
15827,3603.14
15828,1108.82
15829,636.14
15830,576.0
15831,794.64
15832,836.79
15833,80.4
15834,3764.39
15835,954.09
15836,137.37
15837,777.01
15838,73205.5
15839,1048.49
15840,355.56
15841,2742.41
15842,548.8
15843,118.95000000000002
15844,130.73999999999998
15845,4426.28
15846,107.01
15847,822.57
15848,137.99
15850,1006.75
15851,109.73
15852,257.26
15853,110.8
15854,5578.28
15855,1052.72
15856,32275.95
15857,570.48
15858,3552.41
15859,438.46
15860,2361.3
15861,4369.2
15862,2512.29
15863,355.1
15864,2180.76
15865,2241.42
15866,211.89
15867,8923.3
15868,94.53
15869,321.11
15870,857.46
15871,33.099999999999994
15872,729.25
15873,313.91999999999996
15874,11284.76
15875,108.52
15876,1449.1399999999999
15877,490.33
15878,330.77
15879,1137.8
15880,329.03000000000003
15881,501.39000000000004
15882,1124.66
15883,396.48
15884,244.60000000000002
15885,1951.82
15886,1052.8700000000001
15887,1027.15
15888,429.16
15889,1427.6
15890,535.65
15891,511.68
15892,128.2
15893,305.28000000000003
15894,258.25
15895,179.17
15897,208.59
15898,4996.45
15899,56.25
15900,886.5699999999999
15901,687.72
15902,145.01
15903,8939.84
15904,164.68
15905,114.69
15906,2530.19
15907,882.72
15908,758.62
15909,191.94
15910,2661.17
15911,1700.24
15912,1074.7
15913,6.300000000000001
15914,205.99
15915,364.45
15916,3145.2400000000002
15917,530.17
15918,582.88
15919,525.69
15920,569.14
15921,775.26
15922,369.5
15923,127.08
15924,102.82
15925,207.15
15926,134.44
15927,106.54
15928,293.53
15929,594.0
15930,426.63
15931,239.9
15932,2495.87
15933,1107.46
15934,2190.66
15935,416.86
15936,282.79
15937,145.35
15938,734.81
15939,9060.39
15940,35.8
15941,405.0
15942,337.44
15943,271.28999999999996
15944,2164.24
15945,646.27
15946,2304.18
15947,1708.24
15948,1509.0900000000001
15949,364.72
15950,7120.91
15951,1013.17
15952,781.91
15953,3440.3399999999997
15954,190.75
15955,8085.9800000000005
15956,617.6
15957,921.25
15958,462.12
15959,542.89
15960,410.95
15961,451.28999999999996
15962,289.48
15963,470.76
15964,269.21000000000004
15965,2771.94
15966,426.53000000000003
15967,2966.0
15968,404.55
15969,1127.05
15970,1017.32
15971,5902.83
15972,1769.33
15973,680.62
15974,3442.15
15975,371.01
15976,1694.41
15977,1054.73
15978,3279.42
15979,329.22
15980,6543.68
15981,9362.77
15982,324.51
15983,3110.37
15984,8393.02
15985,2715.28
15986,354.42
15987,1535.99
15988,738.89
15989,368.31
15990,1997.75
15991,150.55
15992,896.6
15993,2777.67
15994,1175.68
15995,694.54
15996,1386.4
15998,8274.14
15999,20.4
16000,12393.7
16001,583.39
16002,169.21
16003,5613.83
16004,2146.39
16005,2365.4900000000002
16006,332.82
16007,3053.06
16008,5339.13
16009,972.11
16010,1694.86
16011,5601.01
16012,2978.59
16013,56078.44
16014,1100.28
16015,704.55
16016,2083.4
16017,1545.58
16018,698.13
16019,17329.16
16020,851.01
16021,487.03
16022,602.63
16023,719.81
16024,483.99
16025,439.65999999999997
16026,236.09
16027,2048.36
16028,82.2
16029,117763.62
16030,331.24
16031,547.9
16032,1965.72
16033,10608.81
16034,911.3199999999999
16035,217.73
16036,2556.84
16037,1509.34
16038,471.78000000000003
16039,456.4
16040,2416.9
16041,3166.4
16042,2245.32
16043,1856.5900000000001
16044,340.84000000000003
16045,3434.9300000000003
16046,235.78
16047,107.14
16048,818.7900000000001
16049,1852.15
16050,300.7
16051,188.44
16052,362.06
16053,3634.84
16054,2111.88
16055,134.8
16056,650.75
16057,3854.85
16058,62.7
16059,3053.57
16060,541.95
16061,89.65
16062,2863.45
16063,335.32
16064,109.31
16065,1992.13
16066,1521.04
16067,3269.11
16068,115.73
16069,457.7
16070,852.15
16071,1076.8
16072,4180.09
16073,122.39999999999999
16074,252.5
16075,736.9300000000001
16076,2234.73
16077,2300.4
16078,362.99
16079,1352.0
16080,602.5600000000001
16081,4278.96
16082,106.75
16083,2351.42
16084,436.18
16085,2341.03
16086,2687.73
16087,1739.92
16088,1437.43
16089,263.49
16090,180.56
16091,315.06
16092,1587.94
16093,17.0
16094,3695.56
16095,447.05
16096,1584.97
16097,185.04999999999998
16098,4010.7
16099,1573.2
16100,582.64
16101,3229.16
16102,1842.14
16103,6191.71
16104,2774.46
16105,2386.19
16106,108.38
16107,3204.1600000000003
16108,2235.92
16109,939.48
16110,1781.59
16111,549.33
16112,195.73999999999998
16113,161.38
16114,135.75000000000003
16115,2553.8
16116,612.78
16117,654.4
16118,4376.25
16119,1720.81
16120,2967.51
16121,1450.04
16122,895.62
16123,307.78
16124,1772.49
16125,4292.35
16126,14644.6
16127,801.31
16128,3801.05
16129,1396.05
16130,987.48
16131,9957.42
16132,664.1999999999999
16133,22992.260000000002
16134,2145.34
16135,819.45
16136,946.8
16137,422.7
16138,910.35
16139,1111.15
16140,1433.46
16141,955.94
16142,535.34
16143,4555.08
16144,175.2
16145,6805.4400000000005
16146,946.38
16147,2398.91
16148,386.62
16149,422.22
16150,4002.17
16152,1829.04
16153,5133.49
16155,796.9
16156,6188.18
16157,656.69
16158,628.32
16159,1232.79
16160,1025.44
16161,12580.06
16162,37.4
16163,2407.98
16164,822.48
16165,79.9
16166,435.83
16167,1386.1200000000001
16168,10360.67
16169,1822.97
16170,6869.0
16171,73.2
16172,1884.55
16173,1418.32
16174,2246.75
16175,1836.44
16176,2052.69
16177,2247.31
16178,612.6
16179,215.83
16180,16249.87
16181,305.54
16182,9971.65
16183,1077.81
16184,1158.79
16185,644.72
16186,8718.43
16187,6911.4400000000005
16188,1087.66
16189,215.48
16190,2723.55
16191,15677.82
16192,351.3
16193,630.43
16194,308.59999999999997
16195,323.25
16196,93.3
16197,2016.71
16198,1030.0410000000002
16199,942.75
16200,5608.1
16201,2112.12
16202,2501.9900000000002
16203,943.84
16204,918.71
16205,1820.1100000000001
16206,2589.87
16207,394.38
16208,3440.45
16209,4146.78
16210,33750.97
16211,1090.59
16212,1293.71
16213,159.0
16214,2038.25
16215,242.35
16216,914.9300000000001
16217,304.25
16218,3968.67
16219,40.8
16221,2019.92
16222,1272.05
16223,1087.05
16224,1616.54
16225,2859.31
16226,672.1700000000001
16227,1027.22
16228,885.71
16229,2867.86
16230,542.03
16231,1074.47
16232,2712.97
16233,1818.31
16234,333.18
16235,2053.71
16236,432.2
16237,136.65
16238,63.66
16239,1492.2
16240,3718.8
16241,3992.86
16242,7404.65
16243,409.1
16244,1522.75
16245,1413.66
16246,821.35
16247,114.56
16248,152.94
16249,1800.07
16250,565.24
16251,128.31
16252,295.09000000000003
16253,7272.2
16254,967.44
16255,4530.0
16256,1629.37
16257,46.95
16258,11942.52
16259,340.94
16260,1035.45
16261,1041.16
16262,755.15
16263,348.16
16264,823.53
16265,6935.17
16266,1757.95
16267,186.66
16268,667.65
16269,717.57
16270,1141.24
16271,3397.82
16272,411.7
16273,318.34000000000003
16274,351.75
16275,2151.11
16276,2629.3900000000003
16277,188.69
16278,1117.84
16279,5698.28
16280,238.05
16281,3424.02
16282,1307.58
16283,4350.32
16284,1018.48
16285,176.9
16286,328.95
16287,1006.98
16288,129.85
16289,136.31
16290,1957.7
16291,117.72
16292,1253.76
16293,4279.2
16294,126.05000000000001
16295,1328.55
16296,1313.67
16297,301.9
16298,1085.7
16299,193.65
16300,1367.32
16301,107.33
16302,233.22
16303,7928.27
16304,381.66
16305,361.21999999999997
16306,1124.72
16307,1194.92
16308,5120.0
16309,706.57
16310,460.08
16311,616.26
16312,171.15
16313,274.15000000000003
16314,1491.4
16315,402.71
16316,5744.91
16317,2192.51
16318,328.15
16319,404.40000000000003
16320,5628.99
16321,604.5500000000001
16322,326.75
16323,353.66
16324,408.59000000000003
16325,3597.5
16326,4721.25
16327,10159.64
16328,310.83
16329,1664.92
16330,625.38
16331,2037.7
16332,2000.01
16333,26626.8
16334,263.73
16335,2753.52
16336,3517.69
16337,151.05
16338,214.79999999999998
16339,94.05
16340,1496.24
16341,3850.79
16342,322.41
16343,614.12
16344,842.42
16345,1178.79
16346,224.51
16347,3442.96
16348,1744.42
16349,53.5
16350,2253.89
16351,3330.0299999999997
16352,494.44
16353,9795.460000000001
16354,1119.46
16355,416.35
16356,415.87
16357,868.37
16358,2919.65
16359,2697.75
16360,3450.41
16361,891.21
16362,922.16
16363,109.36000000000001
16364,705.79
16365,3167.34
16366,1548.1299999999999
16367,1350.48
16368,621.44
16369,2656.56
16370,1301.91
16371,157.2
16372,1290.31
16373,309.49
16374,1723.4
16375,104.0
16376,974.96
16377,1308.48
16378,362.95
16379,2157.4
16380,1743.1499999999999
16381,247.85
16382,353.1
16383,2896.69
16384,1358.95
16385,881.35
16386,1068.16
16387,882.46
16388,186.05
16389,1382.07
16390,467.5
16391,1052.26
16392,756.7
16393,5297.77
16394,1555.34
16395,3518.41
16396,137.8
16397,123.13
16398,1705.8
16399,630.22
16400,3059.85
16401,6849.15
16402,293.45
16403,177.5
16404,443.05
16405,167.25
16406,528.36
16407,2761.65
16408,231.93
16409,5652.74
16410,130.32
16411,756.39
16412,593.19
16413,522.03
16414,551.21
16415,696.76
16416,2957.88
16417,35.7
16418,1028.74
16419,1463.7
16420,75.0
16421,526.27
16422,61920.87
16423,346.12
16424,443.06
16425,302.7
16426,1863.76
16427,241.06
16428,638.49
16429,284.55
16430,1117.94
16431,623.28
16432,287.4
16433,384.52
16434,2673.69
16435,1003.0699999999999
16436,319.14
16437,301.25
16438,798.35
16439,310.70000000000005
16440,3856.9700000000003
16441,1019.13
16442,891.98
16443,162.24
16444,3625.88
16445,583.16
16446,168472.5
16447,727.1
16448,361.12
16449,707.69
16450,1505.73
16451,1013.15
16452,332.17
16453,251.71
16454,30.950000000000003
16455,3995.57
16456,6000.94
16457,208.36
16458,5690.89
16459,71.78999999999999
16460,811.23
16461,1545.83
16462,136.0
16463,1422.4
16464,1298.66
16465,746.24
16466,3767.09
16467,2869.16
16468,787.52
16469,803.9
16470,2416.85
16471,1189.98
16472,789.6
16473,470.83
16474,1810.65
16475,544.3
16476,350.35
16477,4094.37
16478,331.0
16479,300.83
16480,769.29
16481,453.38
16482,220.62
16483,139.35
16484,404.3
16485,2287.19
16486,134.36
16487,209.4
16488,498.8
16489,303.7
16490,205.41000000000003
16491,1533.16
16492,385.56
16493,2132.09
16494,826.53
16495,648.26
16496,2330.77
16497,6695.28
16498,100.97
16499,2578.34
16500,843.9100000000001
16501,1191.23
16502,258.55
16503,3614.34
16504,465.88
16505,777.6
16506,90.30000000000001
16507,142.71
16508,240.95
16509,363.7
16510,1777.5
16511,1760.49
16513,874.59
16515,3179.06
16516,101.69999999999999
16517,162.7
16518,959.37
16519,439.06
16520,2148.38
16521,1140.11
16522,433.36
16523,11916.33
16524,306.19
16525,24151.3
16526,717.21
16527,1232.94
16528,244.41
16529,1986.8
16530,48.349999999999994
16531,2298.33
16532,8756.64
16533,1082.81
16534,635.9
16535,972.04
16536,548.12
16537,23.35
16538,395.07
16539,3289.66
16540,205.75
16541,424.03
16542,257.32
16543,292.21
16544,376.70000000000005
16545,689.82
16546,5307.07
16547,104.25999999999999
16548,30.15
16549,12781.8
16550,8813.58
16551,2237.12
16552,379.73
16553,16584.01
16554,2841.72
16555,1915.68
16556,8012.58
16557,281.85
16558,13304.11
16559,175.0
16560,3048.38
16561,511.12
16562,223.85999999999999
16563,4412.56
16564,87.8
16565,773.05
16566,614.66
16567,865.6
16568,1020.9000000000001
16569,1455.23
16570,7434.31
16571,4248.74
16572,1009.6
16573,663.61
16574,1301.78
16576,540.87
16577,380.0
16578,156.6
16579,295.05
16581,105.84
16582,313.62
16583,297.95
16584,3156.17
16585,341.59
16586,1462.78
16587,225.15
16588,1361.28
16589,612.36
16590,605.9
16591,213.5
16592,7807.91
16593,1071.1399999999999
16594,181.09
16595,1757.75
16596,458.98
16597,90.04
16598,145.04999999999998
16599,172.8
16600,2153.41
16601,677.0
16602,763.33
16603,482.47
16604,432.45
16605,60.48
16606,357.66
16607,5706.87
16608,1286.6200000000001
16609,5493.46
16610,75.66
16611,1785.13
16612,3245.43
16613,618.59
16614,1179.79
16615,291.5
16616,500.42
16617,151.85
16618,2647.59
16619,1938.33
16620,1758.93
16621,813.48
16622,225.4
16623,1015.24
16624,810.5699999999999
16625,1654.03
16626,4413.1
16627,322.8
16628,2318.1
16629,408.63
16630,106.80000000000001
16631,1892.52
16632,406.4
16633,2883.1
16634,1649.81
16635,473.0
16636,3802.04
16637,1154.47
16638,2380.13
16639,1747.98
16640,179.4
16641,554.5
16642,1077.45
16643,923.11
16644,833.78
16645,160.39
16646,678.8
16647,541.9
16648,672.8
16649,306.58000000000004
16650,1916.11
16651,136.2
16652,17550.39
16653,1212.66
16654,1484.07
16655,6423.26
16656,16833.170000000002
16657,874.43
16658,690.83
16659,39.12
16660,1879.55
16661,932.76
16662,151.05
16663,165.0
16664,109.2
16665,135.39999999999998
16666,217.71
16667,567.1800000000001
16668,862.42
16669,1348.88
16670,8030.150000000001
16671,1692.27
16672,8134.9400000000005
16673,171.13
16674,304.24
16675,608.86
16676,2361.9
16677,880.62
16678,3109.99
16679,663.31
16680,821.45
16681,1921.84
16682,1028.0
16683,320.25
16684,147142.77
16685,324.24
16686,4881.07
16687,157.63
16688,1260.86
16689,422.59999999999997
16690,353.03
16691,178.83
16692,1914.6999999999998
16693,1179.48
16694,98.30000000000001
16695,191.9
16696,657.9000000000001
16697,112.75
16698,1998.0
16699,994.6
16700,8830.77
16701,9916.73
16702,1110.83
16704,664.16
16705,43515.051
16706,531.35
16707,533.41
16708,656.63
16709,9056.01
16710,5921.35
16711,2868.48
16712,4232.87
16713,14115.56
16714,1497.33
16715,625.52
16716,2149.6800000000003
16717,6663.68
16718,3006.08
16719,3513.62
16720,758.74
16721,292.47
16722,8189.56
16723,1231.36
16724,147.35
16725,1688.26
16726,2063.88
16727,1377.77
16728,1048.28
16729,7205.33
16730,743.11
16731,170.3
16732,4387.64
16733,259.68
16734,646.76
16735,6217.41
16736,2956.56
16737,835.1999999999999
16738,3.75
16739,786.43
16740,226.91
16741,173.06
16742,2799.87
16743,4212.15
16744,1291.91
16745,7180.7
16746,18046.75
16747,836.06
16748,3637.33
16749,4157.88
16750,623.93
16751,1764.72
16752,207.5
16753,223.92000000000002
16754,65500.07
16755,2864.68
16756,1312.3700000000001
16757,270.48
16758,369.34000000000003
16759,789.79
16760,228.0
16761,316.62
16762,1207.24
16763,964.6999999999999
16764,2790.9500000000003
16765,454.75
16766,1145.6
16767,8056.76
16768,1698.57
16769,1117.05
16770,1778.93
16771,3949.6
16772,3698.0499999999997
16773,421.24
16774,1567.48
16775,2820.84
16776,592.51
16777,1292.18
16778,245.94
16779,32809.03
16780,596.4
16781,623.0
16782,9636.12
16783,391.95
16784,892.33
16785,533.78
16786,51.839999999999996
16787,1017.53
16788,1928.93
16789,80.8
16790,1545.6200000000001
16791,3957.63
16792,623.46
16793,243.84
16794,2052.7
16795,2062.41
16796,305.62
16797,1802.02
16798,841.16
16799,452.78000000000003
16800,1162.65
16801,1594.23
16802,582.61
16803,332.3
16804,536.99
16805,1091.34
16806,762.16
16807,2123.88
16808,288.42
16809,1727.43
16810,842.0400000000001
16811,547.07
16812,2392.0
16813,1652.18
16814,11924.85
16815,406.02
16816,417.06
16817,2560.7
16818,3349.57
16819,182.59
16820,497.61
16821,113.35
16822,181.39
16823,2243.09
16824,686.24
16825,1826.89
16826,341.7
16827,392.13
16828,128.5
16829,513.32
16830,1207.5
16831,91.8
16832,417.61
16833,2409.04
16834,898.96
16835,1456.66
16836,782.37
16837,3170.98
16838,1159.61
16839,21758.25
16840,139.85
16841,4006.06
16842,1264.19
16843,19571.43
16844,614.34
16845,253.88
16846,842.41
16847,614.89
16848,1411.62
16849,124.57
16850,332.41
16851,342.45
16852,144.91000000000003
16854,1408.96
16855,328.4
16856,358.49
16857,352.8
16858,4292.59
16859,1932.41
16860,1610.62
16861,946.59
16862,662.33
16863,834.27
16864,409.25
16865,130.95
16866,207.73999999999998
16867,76.74000000000001
16868,384.56
16869,817.12
16870,450.15999999999997
16871,2812.34
16872,1213.13
16873,14617.39
16874,209.89000000000001
16875,4234.53
16876,136.01
16877,846.62
16878,13.3
16880,1813.21
16881,432.0
16882,705.12
16883,2246.06
16884,1070.97
16885,684.6
16886,134.0
16887,658.17
16888,434.2
16889,2526.65
16890,285.41
16891,1727.94
16892,754.75
16893,249.89000000000001
16894,1306.96
16895,1102.9
16896,103.95
16897,289.78
16898,885.21
16899,1695.77
16900,887.11
16901,204.26
16902,1706.88
16903,1041.75
16904,4675.36
16905,4706.77
16906,1410.92
16907,1470.89
16908,252.59
16909,379.14
16910,1508.96
16911,255.25
16912,4460.51
16913,423.90999999999997
16914,183.76
16915,1543.18
16916,902.02
16917,1851.88
16918,3206.54
16919,4909.66
16920,355.45
16921,409.21
16922,611.08
16923,13157.130000000001
16924,829.89
16925,125.65
16926,1169.6100000000001
16927,543.05
16928,3897.5299999999997
16929,1295.39
16930,378.89
16931,5032.22
16932,412.55
16933,3099.3
16934,2083.14
16935,530.86
16936,548.29
16937,196.25
16938,6995.360000000001
16939,433.85
16940,6427.66
16941,33.0
16942,1904.99
16943,1299.49
16944,101.36
16945,8548.16
16946,1222.04
16947,955.21
16948,868.77
16949,1286.27
16950,3541.77
16951,1277.75
16952,795.83
16953,20.8
16954,6081.88
16955,1120.31
16956,308.74
16957,416.64
16958,778.49
16959,117.35000000000001
16960,1990.88
16961,794.56
16962,251.04
16963,110.55000000000001
16964,207.85
16965,201.19
16966,2154.97
16967,319.02
16968,439.43
16969,650.41
16970,71.4
16971,357.21
16972,749.0
16973,127.0
16974,365.5
16975,926.12
16976,251.51999999999998
16977,496.0
16978,768.88
16979,2859.74
16980,1422.8300000000002
16982,384.06
16983,3490.5299999999997
16984,10350.53
16985,10923.16
16986,4888.75
16987,2521.4
16988,382.67
16989,1133.25
16990,344.0
16991,1041.21
16992,5476.5
16993,1950.9499999999998
16996,2123.61
16997,702.0
16998,402.0
16999,484.82
17000,406.3
17001,6640.8
17002,2571.55
17003,828.21
17004,2324.36
17005,622.36
17006,1635.27
17007,1120.1
17008,81.36
17009,242.06
17010,195.36
17011,671.7
17012,360.61
17014,583.4300000000001
17015,1838.6100000000001
17016,552.4
17017,12576.99
17018,2287.7
17019,3602.29
17020,935.62
17021,1182.22
17022,260.0
17023,800.18
17024,95.85
17025,1349.67
17026,175.82999999999998
17027,1310.63
17028,1593.83
17029,2137.3
17030,146.87
17031,2773.85
17032,2984.32
17033,1332.79
17034,1276.42
17035,613.59
17036,176.9
17037,1267.32
17038,743.17
17039,1954.99
17040,463.25
17041,1655.2
17042,1036.58
17043,2593.65
17044,11962.3
17045,827.6800000000001
17046,1906.07
17047,2289.23
17048,2071.68
17049,9942.53
17050,4648.59
17051,706.49
17052,399.09
17053,498.48
17054,1356.33
17055,232.85
17056,128.60000000000002
17057,294.74
17058,1179.89
17059,4864.57
17060,234.24
17061,5232.2300000000005
17062,889.75
17063,3638.53
17064,855.45
17065,194.7
17066,228.34
17067,454.54
17068,8987.68
17069,5517.2300000000005
17070,437.42
17071,3793.71
17072,273.35
17073,1446.09
17074,203.05
17075,2236.63
17076,1242.75
17077,306.0
17078,378.2
17079,118.80000000000001
17080,957.53
17081,949.39
17082,4732.03
17083,4049.79
17084,5001.21
17085,7847.67
17086,2050.08
17087,221.53
17088,1991.01
17089,128.45
17090,3080.1800000000003
17091,7495.75
17092,5511.41
17093,235.88
17094,402.20000000000005
17095,2572.25
17096,3697.93
17097,1143.36
17098,591.0699999999999
17099,582.17
17100,971.74
17101,2507.05
17102,25.5
17103,424.3
17104,474.03
17105,665.78
17106,481.58
17107,16052.72
17108,174.95
17109,1291.71
17110,499.9
17111,459.58
17112,197.57
17113,2305.59
17114,801.12
17115,2761.4900000000002
17116,389.78
17117,116.19999999999999
17118,157.02
17119,606.91
17120,307.46
17121,314.74
17122,570.5
17123,977.17
17124,294.24
17125,230.5
17126,2016.43
17127,1155.0300000000002
17128,157.09
17129,31.85
17131,2463.17
17132,1220.9099999999999
17133,14622.33
17134,625.3
17135,1722.18
17136,231.68
17137,1099.81
17138,4417.27
17139,19566.76
17140,454.12
17141,727.58
17142,1275.25
17143,880.97
17144,984.57
17145,3120.91
17146,5852.64
17147,3199.95
17148,124.88
17149,143.10000000000002
17150,1357.95
17151,231.90000000000003
17152,2016.5
17153,213.78
17154,329.34
17155,892.46
17156,591.87
17157,5151.9
17158,1980.0
17159,2099.59
17160,10209.16
17161,856.01
17162,1715.46
17163,699.78
17164,2467.35
17165,1794.32
17166,206.34
17167,867.11
17168,400.2
17169,1156.73
17170,178.68
17171,384.59
17172,956.5699999999999
17173,3766.6
17174,59.9
17175,1443.69
17176,902.3199999999999
17177,119.5
17178,432.96
17179,1507.26
17180,2236.77
17181,309.85
17182,321.3
17183,3347.31
17184,198.41000000000003
17185,229.46
17186,144.0
17187,467.71
17188,4592.93
17189,953.63
17190,1726.57
17191,4310.34
17192,75.28
17193,2310.04
17194,812.5
17195,562.98
17196,327.75
17197,1013.01
17198,692.22
17199,135.04000000000002
17200,356.71
17201,1143.1
17202,160.65
17203,5564.09
17204,5504.6900000000005
17205,999.35
17206,204.24
17207,292.62
17208,111.15
17209,595.7
17210,251.72
17211,3773.35
17212,794.41
17213,4869.400000000001
17214,1059.1200000000001
17215,186.15
17216,63.6
17217,210.1
17218,3891.39
17219,259.13
17220,4457.31
17221,976.62
17222,1579.51
17223,558.04
17224,100.86
17225,131.15
17226,895.47
17227,1878.93
17228,2820.03
17229,318.76
17230,9388.49
17231,7064.8
17232,417.77
17233,560.86
17234,149.89000000000001
17235,1562.98
17236,1929.26
17237,994.13
17238,7331.67
17239,1189.45
17240,130.6
17241,2736.64
17242,2889.28
17243,20203.58
17244,1826.04
17245,371.63
17246,38.92
17247,280.09000000000003
17248,500.54
17249,68.03
17250,381.97
17251,798.98
17252,348.91
17253,178.26
17254,469.48
17255,781.7
17256,498.93
17257,189.78
17258,417.3
17259,1452.39
17260,120.95
17261,221.59
17262,2488.76
17263,63.440000000000005
17264,268.28
17265,550.01
17266,501.71999999999997
17267,317.2
17268,1733.8899999999999
17269,491.81
17270,601.4499999999999
17271,204.3
17272,2148.63
17273,141.12
17274,573.22
17275,114.1
17276,502.49
17277,1065.3500000000001
17278,271.24
17279,187.82999999999998
17280,118.85999999999999
17281,797.8499999999999
17282,2308.54
17283,188.46
17284,2788.06
17285,407.94
17286,389.18
17287,3826.86
17288,2468.43
17289,2041.8
17290,1487.96
17291,550.8000000000001
17292,271.75
17293,3750.63
17294,467.78999999999996
17295,547.0
17296,338.13
17297,128.18
17298,954.26
17299,993.23
17300,393.64
17301,294.39
17302,1135.63
17303,250.04
17304,111.5
17305,2135.46
17306,9782.35
17307,3999.8900000000003
17308,4511.76
17309,320.39
17310,1025.1
17311,3566.56
17312,644.3
17313,2328.84
17314,4904.43
17315,9599.58
17316,124.45
17317,2600.34
17318,157.32999999999998
17319,29.1
17320,2444.85
17321,1665.21
17322,922.59
17323,1551.04
17324,2171.07
17325,609.5699999999999
17326,312.35
17327,152.35
17328,104.7
17329,998.53
17330,423.8
17331,175.2
17332,838.27
17333,494.25
17334,635.15
17335,497.04
17336,81.12
17337,1981.06
17338,11889.33
17339,302.36
17340,19617.95
17341,1272.21
17342,1227.54
17343,1259.94
17344,457.36
17345,1586.6299999999999
17346,4998.61
17347,228.96
17348,2442.29
17349,772.41
17350,1893.701
17351,1988.23
17352,36.25
17353,3242.0
17354,3133.96
17355,273.31
17356,946.47
17357,384.39
17358,861.01
17359,284.46
17360,1200.51
17361,871.79
17362,1024.04
17363,920.46
17364,11972.92
17365,8184.49
17366,1077.24
17367,167.55
17368,2758.29
17369,979.1999999999999
17370,446.18
17371,655.37
17372,4347.31
17373,1167.5
17374,727.11
17375,660.55
17376,453.64
17377,17644.27
17378,10.95
17379,389.71999999999997
17380,645.0
17381,36398.65
17382,902.28
17383,304.09
17384,507.55
17385,256.11
17386,2812.77
17387,746.81
17388,2675.37
17389,57215.33
17390,149.3
17391,508.8
17392,585.92
17393,381.15
17394,203.86999999999998
17395,97.5
17396,8409.6
17397,1198.28
17398,653.38
17400,4623.28
17401,114.85
17402,4635.5599999999995
17403,382.87
17404,47781.12
17405,1031.41
17406,4186.95
17407,552.9
17408,316.09000000000003
17409,7793.51
17410,1214.72
17411,1425.38
17412,4220.22
17413,560.14
17414,2249.52
17415,507.84
17416,17298.45
17417,164.18
17418,670.0600000000001
17419,6126.25
17420,953.58
17421,1059.41
17422,3594.76
17423,1118.95
17425,759.17
17426,8077.77
17427,100.8
17428,31466.760000000002
17429,1357.46
17430,622.57
17431,403.3
17432,1728.99
17433,569.96
17434,2373.82
17435,331.35
17436,534.06
17437,369.68
17438,1422.77
17439,325.74
17440,323.58
17441,293.35
17442,4620.3
17443,534.24
17444,2940.04
17446,120.9
17447,541.53
17448,14523.67
17449,4868.15
17450,244784.25
17451,1721.4
17453,486.71999999999997
17454,1547.94
17455,131.7
17456,975.5600000000001
17457,5984.8099999999995
17458,529.58
17459,657.3
17460,2157.9700000000003
17461,735.82
17462,675.69
17463,2535.26
17464,907.14
17465,2542.79
17466,763.28
17467,102.6
17468,194.8
17469,5051.25
17470,2626.47
17471,321.65000000000003
17472,922.35
17473,607.0
17474,1047.0
17475,194.37
17476,489.86
17477,1144.3
17478,1272.8
17479,389.26000000000005
17480,882.23
17481,1255.59
17482,775.64
17483,591.73
17484,209.57
17486,396.87
17487,160.55
17488,336.5
17489,376.64
17490,2750.5
17491,5653.67
17492,1122.42
17493,100.91000000000001
17494,54.699999999999996
17495,806.72
17496,1412.89
17497,287.25
17498,272.22
17499,1341.39
17500,1138.0
17501,288.6
17502,689.1
17503,558.96
17504,9490.17
17505,2435.48
17506,302.2
17507,605.58
17508,4579.23
17509,6083.64
17510,514.56
17511,172132.87
17512,5467.820000000001
17513,1158.8
17514,522.0
17515,1602.51
17516,947.5
17517,153.94
17518,329.42
17519,4774.17
17520,546.81
17521,1278.06
17522,1070.71
17523,652.74
17524,539.14
17525,1161.9
17526,3939.24
17527,939.37
17528,3628.5
17529,1240.25
17530,2791.69
17531,1266.82
17532,65.34
17533,34.8
17534,1668.83
17535,164.4
17536,364.83
17537,887.67
17538,98.42
17539,1176.84
17540,1590.6000000000001
17541,119.86
17542,340.85
17543,120.05
17544,944.82
17545,1409.8600000000001
17547,727.85
17548,731.26
17549,148.86
17550,2506.64
17551,290.34
17552,2786.77
17553,3757.6
17554,1952.45
17555,1045.74
17556,300.67
17557,575.46
17558,259.17
17559,167.62
17560,1895.8
17561,703.02
17562,1122.38
17563,392.38
17564,454.01
17565,131.83
17566,869.77
17567,4838.08
17568,374.45
17569,344.14
17570,100.0
17571,1630.91
17572,652.21
17573,380.6
17574,185.65
17575,171.7
17576,8711.95
17577,348.75
17578,1047.33
17579,753.28
17580,541.02
17581,17951.17
17582,1446.95
17583,135.95
17584,5309.42
17585,2064.71
17586,167.4
17587,176.71
17588,2939.55
17589,13837.94
17590,1468.02
17591,2339.32
17592,148.3
17593,8092.32
17594,2497.88
17595,386.69
17596,4491.46
17597,3484.09
17598,409.98
17599,52.05
17600,161.67000000000002
17601,413.08
17602,7354.43
17603,1788.38
17604,942.38
17605,160.75
17606,87.30000000000001
17607,333.81
17608,488.06
17609,1887.8999999999999
17610,1511.94
17611,8337.53
17612,5394.86
17613,4544.55
17614,386.32
17615,721.8
17616,734.4
17617,385.19
17618,4001.64
17619,214.37
17620,81.44
17621,3175.12
17622,1130.21
17623,2365.77
17624,1568.63
17625,5978.9
17626,254.0
17627,296.36
17628,75.75
17629,2455.52
17630,503.59999999999997
17631,998.49
17633,2057.39
17634,2358.59
17635,1265.58
17636,285.56
17637,547.0600000000001
17638,842.4
17639,615.17
17640,3168.94
17642,1824.49
17643,439.7
17644,6028.6
17646,3898.79
17647,331.65999999999997
17648,2216.37
17649,1578.89
17650,166.08
17651,5703.52
17652,4867.72
17653,1207.56
17654,117.55
17655,2976.38
17656,1674.69
17657,126.0
17658,595.42
17659,3586.9900000000002
17660,342.22
17662,412.92
17663,5175.83
17664,1166.23
17665,563.1
17666,2047.8
17667,3950.7
17668,347.75
17669,6142.35
17670,205.7
17671,2009.16
17672,5778.63
17673,4173.88
17674,551.04
17675,37642.48
17676,2448.64
17677,35058.46
17678,599.76
17679,3577.61
17680,497.45
17681,731.2
17682,4065.28
17683,819.01
17684,239.41
17685,5454.95
17686,8296.81
17687,432.68
17688,304.2
17689,317.08
17690,6963.8
17691,637.5500000000001
17692,2975.8
17693,200.47
17694,1695.97
17695,1746.04
17696,7679.59
17697,338.95
17698,154.95
17699,442.0
17700,6679.97
17701,417.95
17702,3144.04
17703,1094.84
17704,885.19
17705,2083.9
17706,20272.15
17707,609.3000000000001
17708,884.1800000000001
17709,671.01
17710,293.5
17711,385.1
17712,522.91
17713,1198.09
17714,1410.18
17715,489.59999999999997
17716,15956.97
17717,376.92
17718,439.18
17719,5396.04
17720,2666.91
17721,307.21000000000004
17722,3520.2200000000003
17723,3378.4000000000005
17724,1033.0
17725,3439.08
17726,1092.06
17727,1060.25
17728,4238.76
17729,438.65000000000003
17730,7773.8
17731,1708.99
17732,2166.42
17733,692.19
17734,1442.32
17735,16790.33
17736,377.44
17737,168.24
17738,4183.56
17739,7730.59
17740,426.9
17741,101.1
17742,2098.48
17743,229.2
17744,2649.14
17745,600.34
17746,904.1800000000001
17747,71.4
17748,358.15
17749,1026.18
17750,1710.45
17751,157.85999999999999
17752,80.64
17753,382.06
17754,4451.22
17756,728.75
17757,9074.05
17758,4964.03
17759,1261.88
17760,746.39
17761,712.78
17762,129.75
17763,86.15
17764,1513.57
17765,524.0
17766,299.61
17767,413.05
17768,3292.73
17769,7053.38
17770,1143.27
17771,387.41
17772,360.75
17773,575.37
17774,3273.83
17775,56.4
17776,330.56
17777,647.56
17778,197.70000000000002
17779,650.32
17780,346.56
17781,188.02
17782,679.02
17783,376.96
17784,112.86
17785,403.38
17786,266.85
17787,1817.54
17788,1117.9
17789,397.15
17790,2779.41
17791,106.1
17792,368.35
17793,300.34
17794,147.3
17795,342.83
17796,1236.39
17797,1971.87
17798,178.07
17799,6246.93
17800,1187.21
17801,770.03
17802,4946.22
17803,184.66
17804,383.78000000000003
17805,927.03
17806,546.04
17807,437.87
17808,262.64
17809,10085.89
17810,373.16
17811,9519.8
17812,911.99
17813,1698.07
17814,1609.37
17815,591.96
17816,96.11
17817,788.15
17818,124.78
17819,6021.05
17820,180.60999999999999
17821,334.62
17822,2162.93
17823,449.25
17824,298.4
17825,701.96
17826,133.34
17827,2376.17
17828,1820.09
17829,4756.74
17830,398.7
17831,35.400000000000006
17832,155.37
17833,338.46000000000004
17834,689.6700000000001
17835,342.24
17836,110.21000000000001
17837,1541.23
17838,5604.64
17839,318.15
17840,175.9
17841,68545.25
17842,430.69
17843,320.4
17844,51.559999999999995
17845,596.09
17846,2033.1
17847,129.69
17848,3559.11
17849,1063.76
17850,51208.87
17851,1552.35
17852,657.8100000000001
17853,1596.29
17854,1068.5
17855,208.97
17856,1418.03
17857,27347.04
17858,12518.65
17859,141.92000000000002
17860,717.39
17861,5088.29
17862,1254.89
17863,5360.48
17864,876.57
17865,26312.190000000002
17866,1134.95
17867,1582.0500000000002
17868,227.15
17869,813.64
17870,2753.29
17871,1068.95
17872,235.87
17873,6265.33
17874,683.46
17875,167.1
17876,3424.02
17877,237.61
17878,1378.93
17879,178.51999999999998
17880,824.9200000000001
17881,133.35000000000002
17882,291.56
17883,988.42
17884,2698.47
17885,156.34
17886,1572.55
17887,111.35
17888,1807.44
17889,746.42
17890,586.89
17891,203.85999999999999
17892,244.1
17893,107.21
17894,2304.58
17895,95.45
17896,256.32
17897,2099.89
17898,299.18
17899,154.55
17900,112.19999999999999
17901,260.08
17902,216.39999999999998
17903,381.09000000000003
17904,181.07
17905,2178.87
17906,72.9
17907,291.76
17908,1142.47
17909,110.05
17910,261.7
17911,366.23
17912,374.55
17913,3429.29
17914,329.36
17915,225.78
17916,43.87
17917,335.03
17918,396.39
17919,1840.32
17920,23581.78
17921,2394.36
17922,170.4
17923,497.0
17924,3257.7000000000003
17925,244.08
17926,1035.49
17927,294.0
17928,341.24
17929,3082.1
17930,4275.22
17931,3402.24
17932,1331.57
17933,114.69
17934,1049.15
17935,686.14
17936,380.13
17937,4301.22
17938,144.29
17939,99.14
17940,30306.79
17941,1433.28
17942,77.50000000000001
17944,74.99
17945,360.35
17946,149.57999999999998
17947,176.68
17948,358.56000000000006
17949,117314.08
17950,1166.29
17951,1340.5800000000002
17952,788.46
17953,159.17000000000002
17954,3804.38
17955,949.9
17956,12.75
17957,111.68
17958,973.88
17959,140.75
17960,135.08
17961,2866.74
17962,666.96
17963,643.16
17964,463.21
17965,7006.65
17966,1963.92
17967,223.42
17968,590.4399999999999
17969,2354.29
17970,562.79
17971,161.94
17972,135.19
17973,337.04
17974,1739.09
17975,6696.33
17976,321.79
17977,1511.45
17978,1159.99
17979,732.41
17980,1012.72
17981,239.12
17982,138.18
17983,171.71
17984,1152.19
17985,631.35
17986,20.8
17987,965.4399999999999
17988,489.54
17989,207.32999999999998
17990,1527.6100000000001
17991,300.3
17992,252.88
17993,225.99
17994,2270.0299999999997
17995,495.48
17996,482.33
17997,1962.46
17998,639.24
17999,528.46
18000,124.25
18001,924.14
18002,244.37
18003,353.51
18004,157.92
18005,226.47
18006,969.51
18007,215.22
18008,19759.079999999998
18009,2144.23
18010,174.8
18011,410.79
18012,115.3
18013,187.29
18014,162.22
18015,120.03
18016,1954.56
18017,688.0
18018,297.99
18019,38.45
18020,190.48000000000002
18021,216.41
18022,1507.25
18024,389.78
18025,1177.72
18026,2074.07
18027,115.31
18028,192.05
18029,433.77
18030,230.64999999999998
18031,451.3
18032,73.5
18033,93.82000000000001
18034,754.2
18035,1260.23
18036,1545.49
18037,167.42
18038,141.48
18039,548.22
18040,357.20000000000005
18041,8018.7699999999995
18042,281.15
18043,529.29
18044,3505.61
18045,178.34
18046,189.63
18047,326.09
18048,394.93
18049,500.92
18050,412.06
18051,2282.28
18052,10877.18
18053,571.07
18054,176.5
18055,10142.64
18056,554.6
18057,1188.46
18058,774.06
18059,306.46
18060,1185.46
18061,6083.81
18062,1632.67
18063,186.60000000000002
18064,4481.83
18065,5866.63
18066,1440.4
18067,396.33
18068,101.69999999999999
18069,4464.92
18070,314.1
18071,1169.68
18072,247.44
18073,3859.82
18074,1019.44
18075,5783.29
18076,151.49
18077,4078.79
18078,725.53
18079,4203.93
18080,1231.5
18081,343.45
18082,680.84
18083,463.53
18084,795.2299999999999
18085,1341.8500000000001
18086,101.34
18087,14761.519999999999
18088,166.03
18089,428.45
18090,321.9
18091,360.85
18092,14693.72
18093,4452.71
18094,6391.52
18095,2303.09
18096,1657.87
18097,4627.92
18098,527.94
18099,168.31
18100,451.56
18101,622.01
18102,580987.04
18103,105.8
18104,754.64
18105,113.48000000000002
18106,1441.06
18107,165.88
18108,848.8100000000001
18109,9555.71
18110,392.28000000000003
18111,405.85
18112,773.36
18113,76.32000000000001
18114,220.1
18115,9.700000000000001
18116,2134.4900000000002
18117,315.65
18118,6221.02
18119,180.7
18120,111.15
18121,653.3
18122,1793.06
18123,666.64
18124,102.65
18125,1131.75
18126,200.92000000000002
18127,556.13
18128,399.29
18129,112.55000000000001
18130,1059.39
18131,222.95999999999998
18132,220.13
18133,931.4999999999999
18134,445.0
18135,1249.6200000000001
18136,1631.3600000000001
18137,145.99
18138,152.65
18139,8438.34
18140,536.41
18141,882.47
18142,1019.52
18143,1000.16
18144,4892.95
18145,5609.74
18146,160.35000000000002
18147,179.33999999999997
18148,112.85000000000001
18149,1553.96
18150,566.58
18151,1879.44
18152,426.69
18153,246.22
18154,932.6
18155,371.62
18156,675.64
18157,213.9
18158,453.4
18159,530.15
18160,1003.88
18161,1803.1000000000001
18162,371.51
18163,728.84
18164,399.65000000000003
18165,302.46000000000004
18166,175.5
18167,1384.8600000000001
18168,3435.5
18169,202.65
18170,2878.0
18171,2437.31
18172,17467.24
18173,2696.36
18174,162.5
18175,176.1
18176,476.35
18177,2216.32
18178,6103.74
18179,2547.55
18180,1843.75
18181,1188.34
18182,291.13
18183,632.07
18184,49.8
18185,304.25
18186,329.58
18187,724.89
18188,3280.59
18189,1403.73
18190,745.62
18191,529.4
18192,957.97
18193,1207.35
18194,4162.04
18195,101.16
18196,1457.19
18197,230.1
18198,5425.56
18199,344.75
18200,150.35
18201,447.53000000000003
18202,1396.99
18203,492.52
18204,1975.35
18205,517.36
18206,314.65999999999997
18207,544.47
18208,360.08
18209,139.10000000000002
18210,2768.83
18211,600.07
18212,514.37
18213,232.48000000000002
18214,1780.34
18215,2232.4900000000002
18216,481.75
18217,945.04
18218,1121.84
18219,3352.7000000000003
18220,1921.76
18221,1424.94
18222,443.0
18223,14000.85
18224,158.95000000000002
18225,13014.8
18226,11878.88
18227,388.75
18228,779.9
18229,10150.51
18230,4291.06
18231,6854.17
18232,592.97
18233,440.0
18234,179.6
18235,1796.48
18236,1795.3500000000001
18237,987.1
18238,270.92
18239,1712.26
18240,422.58
18241,2986.9900000000002
18242,3605.21
18243,515.78
18244,568.64
18245,6324.9800000000005
18246,758.8199999999999
18247,839.73
18248,804.02
18249,95.34
18250,349.27
18251,26278.86
18252,1533.69
18253,317.88
18254,267.9
18255,303.15
18256,110.7
18257,4600.15
18258,2059.67
18259,3941.9
18260,9947.26
18261,324.24
18262,577.54
18263,1213.1599999999999
18264,603.25
18265,801.51
18266,251.1
18267,269.37
18268,1490.23
18269,168.6
18270,444.55
18271,680.85
18272,4385.9800000000005
18273,357.0
18274,175.92
18275,741.85
18276,1656.52
18277,1180.05
18278,414.20000000000005
18279,231.33999999999997
18280,488.15000000000003
18281,201.14
18282,178.05
18283,2664.9
18284,461.68
18285,427.0
18286,1296.43
18287,4182.99
