customer_id,num_orders
12346,12
12347,8
12348,5
12349,4
12350,1
12351,1
12352,10
12353,2
12354,1
12355,2
12356,6
12357,3
12358,5
12359,10
12360,8
12361,4
12362,11
12363,2
12364,4
12365,2
12366,1
12367,1
12368,1
12369,3
12370,7
12371,5
12372,3
12373,3
12374,4
12375,2
12376,2
12377,4
12378,2
12379,4
12380,11
12381,5
12383,5
12384,2
12385,1
12386,2
12387,1
12388,8
12389,3
12390,1
12391,6
12392,1
12393,6
12394,2
12395,15
12396,1
12397,2
12398,1
12399,7
12400,1
12401,1
12402,6
12403,2
12404,1
12405,1
12406,5
12407,5
12408,8
12409,7
12410,3
12411,1
12412,6
12413,4
12414,6
12415,28
12416,1
12417,20
12418,4
12419,2
12420,1
12421,6
12422,17
12423,10
12424,4
12425,2
12426,2
12427,3
12428,9
12429,8
12430,1
12431,27
12432,5
12433,10
12434,3
12435,6
12436,1
12437,39
12438,2
12439,2
12440,2
12441,1
12442,1
12443,1
12444,5
12445,2
12446,1
12447,1
12448,1
12449,6
12450,5
12451,8
12452,2
12453,1
12454,5
12455,10
12456,3
12457,8
12458,4
12459,1
12460,1
12461,2
12462,2
12463,4
12464,8
12465,2
12466,1
12467,1
12468,5
12469,2
12470,1
12471,79
12472,19
12473,5
12474,31
12475,2
12476,23
12477,9
12478,1
12479,1
12480,7
12481,15
12482,29
12483,19
12484,12
12485,1
12486,1
12487,1
12488,3
12489,1
12490,21
12491,1
12492,3
12493,2
12494,9
12495,1
12496,2
12497,3
12498,3
12499,1
12500,19
12501,1
12502,5
12503,1
12504,4
12505,1
12506,1
12507,4
12508,2
12509,1
12510,9
12511,1
12512,2
12513,1
12514,2
12515,1
12516,4
12517,5
12518,5
12519,2
12520,5
12521,1
12522,2
12523,23
12524,17
12525,3
12526,3
12527,5
12528,6
12529,1
12530,9
12531,2
12532,1
12533,2
12534,1
12535,2
12536,3
12537,1
12538,2
12539,7
12540,33
12541,3
12542,2
12543,1
12544,1
12545,2
12546,2
12547,3
12548,1
12549,6
12550,1
12551,1
12552,2
12553,12
12554,1
12555,1
12556,2
12557,8
12558,1
12559,2
12560,3
12561,1
12562,9
12563,1
12564,1
12565,1
12566,1
12567,15
12568,1
12569,32
12570,1
12571,2
12572,2
12573,5
12574,1
12575,2
12576,8
12577,8
12578,4
12579,1
12580,2
12581,1
12582,4
12583,27
12584,9
12585,2
12586,4
12587,1
12588,4
12589,8
12590,2
12591,3
12592,5
12593,3
12594,15
12595,1
12596,2
12597,4
12598,11
12599,13
12600,21
12601,6
12602,1
12603,1
12604,2
12605,4
12606,1
12607,1
12608,1
12609,9
12610,5
12611,1
12612,1
12613,10
12614,1
12615,8
12616,3
12617,1
12618,1
12619,10
12620,3
12621,35
12622,1
12623,7
12624,2
12625,4
12626,9
12627,7
12628,3
12629,2
12630,2
12631,6
12632,2
12633,7
12634,2
12635,4
12636,1
12637,12
12638,2
12639,3
12640,3
12641,1
12642,3
12643,12
12644,4
12645,8
12646,2
12647,36
12648,4
12649,8
12650,1
12651,4
12652,2
12653,3
12654,5
12655,1
12656,8
12657,4
12658,1
12659,1
12660,1
12661,1
12662,20
12663,2
12664,11
12665,3
12666,1
12667,1
12668,10
12669,3
12670,7
12671,1
12672,2
12673,3
12674,4
12675,2
12676,11
12677,2
12678,21
12679,4
12680,4
12681,45
12682,52
12683,21
12684,7
12685,6
12686,1
12687,2
12688,1
12689,2
12690,1
12691,7
12692,1
12693,7
12694,3
12695,7
12696,2
12697,3
12698,1
12699,1
12700,4
12701,6
12702,1
12703,4
12704,8
12705,14
12707,1
12708,18
12709,34
12710,3
12711,2
12712,21
12713,1
12714,12
12715,1
12716,2
12717,3
12718,1
12719,2
12720,30
12721,8
12722,4
12723,5
12724,7
12725,4
12726,11
12727,10
12728,5
12729,1
12730,1
12731,17
12732,1
12733,4
12734,3
12735,2
12736,1
12737,2
12738,1
12739,4
12740,1
12741,2
12742,1
12743,2
12744,11
12745,3
12746,1
12747,26
12748,336
12749,9
12750,1
12751,1
12752,1
12753,6
12754,3
12755,11
12756,1
12757,13
12758,7
12759,8
12760,1
12761,2
12762,2
12763,2
12764,1
12765,6
12766,9
12767,1
12768,1
12769,1
12770,2
12771,1
12772,1
12773,1
12774,1
12775,7
12776,1
12777,1
12778,9
12779,14
12780,1
12781,2
12782,11
12783,6
12784,3
12785,3
12786,1
12787,4
12788,4
12789,3
12790,2
12791,6
12792,2
12793,3
12794,2
12795,1
12796,1
12797,2
12798,4
12799,1
12800,3
12801,1
12802,7
12803,1
12804,2
12805,4
12806,4
12807,1
12808,5
12809,3
12810,2
12811,5
12812,1
12813,3
12814,1
12815,2
12816,2
12817,3
12818,1
12819,1
12820,11
12821,2
12822,2
12823,18
12824,1
12825,2
12826,12
12827,3
12828,6
12829,3
12830,6
12831,3
12832,2
12833,1
12834,1
12835,41
12836,15
12837,2
12838,10
12839,26
12840,7
12841,40
12842,4
12843,30
12844,4
12845,4
12846,1
12847,2
12848,1
12849,6
12850,1
12851,2
12852,1
12853,11
12854,7
12855,4
12856,6
12857,6
12858,1
12859,1
12860,1
12861,1
12862,2
12863,6
12864,2
12865,4
12866,3
12867,13
12868,8
12869,1
12870,3
12871,3
12872,12
12873,3
12874,2
12875,5
12876,4
12877,20
12878,2
12879,3
12880,2
12881,1
12882,2
12883,4
12884,1
12885,3
12886,2
12887,1
12888,2
12889,4
12890,2
12891,11
12892,1
12893,1
12894,1
12895,2
12897,4
12898,2
12899,1
12900,1
12901,28
12902,1
12903,1
12904,2
12905,2
12906,5
12907,2
12908,5
12909,8
12910,13
12911,1
12912,5
12913,13
12914,1
12915,4
12916,7
12917,6
12918,1
12919,6
12920,4
12921,74
12922,1
12923,3
12924,12
12925,3
12926,4
12927,1
12928,12
12929,1
12930,2
12931,57
12932,8
12933,8
12934,1
12935,15
12936,4
12937,9
12938,1
12939,20
12940,2
12941,1
12942,3
12943,2
12944,2
12945,2
12946,1
12947,6
12948,9
12949,22
12950,3
12951,15
12952,4
12953,2
12954,1
12955,11
12956,4
12957,13
12958,2
12959,1
12960,4
12961,1
12962,2
12963,12
12964,1
12965,1
12966,1
12967,3
12968,1
12969,1
12970,10
12971,116
12972,4
12973,1
12974,2
12975,6
12976,8
12977,4
12978,5
12979,1
12980,21
12981,2
12982,8
12983,1
12984,1
12985,2
12986,10
12987,5
12988,1
12989,33
12990,7
12991,3
12992,1
12993,8
12994,3
12995,1
12996,1
12997,8
12998,3
12999,3
13000,4
13001,33
13002,3
13003,3
13004,36
13005,4
13006,1
13007,1
13008,3
13009,1
13010,2
13011,1
13012,11
13013,29
13014,11
13015,11
13016,3
13017,1
13018,35
13019,6
13020,2
13021,17
13022,1
13023,3
13024,2
13025,1
13026,9
13027,19
13028,2
13029,5
13030,2
13031,5
13032,9
13033,2
13034,3
13035,3
13036,1
13037,12
13038,3
13039,4
13040,2
13041,4
13042,3
13043,1
13044,11
13045,3
13046,3
13047,24
13048,9
13049,4
13050,35
13051,2
13052,7
13053,1
13055,4
13056,1
13057,3
13058,3
13059,10
13060,1
13061,1
13062,1
13063,1
13064,6
13065,5
13066,2
13067,3
13068,2
13069,38
13070,4
13071,1
13072,1
13073,2
13074,4
13075,1
13076,1
13077,11
13078,57
13079,6
13080,4
13081,28
13082,21
13083,3
13084,1
13085,8
13086,1
13087,1
13088,1
13089,203
13090,24
13091,3
13092,12
13093,55
13094,13
13095,1
13096,1
13097,28
13098,28
13099,1
13101,4
13102,37
13103,3
13104,9
13105,1
13106,2
13107,9
13108,2
13109,3
13110,12
13111,1
13112,1
13113,37
13114,1
13115,10
13116,1
13117,18
13118,9
13119,1
13120,1
13121,1
13122,2
13123,2
13124,4
13125,1
13126,13
13127,1
13128,1
13129,2
13130,1
13131,7
13132,1
13133,3
13134,6
13135,2
13136,13
13137,16
13138,7
13139,8
13140,5
13141,17
13142,1
13143,1
13144,2
13145,7
13146,1
13147,4
13148,26
13149,4
13150,3
13151,3
13152,7
13153,1
13154,3
13155,6
13156,3
13157,9
13158,5
13159,4
13160,1
13161,2
13162,16
13163,1
13164,2
13165,3
13166,2
13167,5
13168,5
13169,3
13170,1
13171,3
13172,1
13173,11
13174,12
13175,2
13176,1
13177,2
13178,21
13179,1
13180,1
13181,1
13182,1
13183,15
13184,10
13185,1
13186,3
13187,4
13188,1
13189,2
13190,3
13191,1
13192,6
13193,1
13194,2
13195,1
13196,7
13197,1
13198,8
13199,67
13200,4
13201,4
13202,7
13203,10
13204,1
13205,1
13206,13
13207,4
13208,9
13209,13
13210,1
13211,10
13212,3
13213,11
13214,7
13215,1
13216,1
13217,4
13218,1
13219,1
13220,5
13221,2
13222,1
13223,6
13224,2
13225,16
13226,2
13227,1
13228,1
13229,1
13230,30
13232,7
13233,4
13234,2
13235,1
13236,2
13237,1
13238,6
13239,5
13240,8
13241,1
13242,7
13243,5
13244,1
13245,2
13246,11
13247,4
13248,2
13249,9
13250,2
13251,1
13252,2
13253,4
13254,1
13255,3
13257,1
13258,5
13259,9
13260,1
13261,2
13262,3
13263,39
13264,1
13265,5
13266,19
13267,36
13268,11
13269,28
13270,1
13271,1
13272,2
13273,1
13274,1
13275,2
13276,5
13277,7
13278,4
13279,1
13280,7
13281,1
13282,4
13283,4
13284,1
13285,6
13286,1
13287,3
13288,5
13289,1
13290,1
13291,11
13292,5
13293,6
13294,3
13295,4
13296,6
13297,7
13298,1
13299,3
13300,3
13301,4
13302,2
13303,1
13304,4
13305,16
13306,1
13307,3
13308,4
13309,6
13310,5
13311,2
13312,1
13313,12
13314,3
13315,1
13316,10
13317,19
13318,3
13319,58
13320,6
13321,2
13322,1
13323,5
13324,18
13325,1
13326,1
13327,20
13328,1
13329,8
13330,6
13331,1
13332,1
13333,3
13334,5
13336,1
13337,1
13338,4
13339,1
13340,12
13341,1
13343,1
13344,3
13345,1
13346,6
13347,1
13348,1
13349,1
13350,2
13351,1
13352,1
13354,1
13355,1
13356,1
13357,5
13358,1
13359,2
13360,4
13361,2
13362,7
13363,3
13364,1
13365,2
13366,1
13367,1
13368,4
13369,1
13370,1
13371,2
13372,1
13373,6
13374,2
13375,2
13376,3
13377,2
13379,3
13380,1
13381,12
13382,5
13383,1
13384,11
13385,1
13386,2
13387,1
13388,3
13389,3
13390,1
13391,1
13392,1
13393,4
13394,19
13395,3
13396,2
13397,10
13398,2
13399,3
13400,1
13402,4
13403,3
13404,2
13405,6
13406,2
13407,3
13408,106
13410,9
13411,1
13412,1
13413,6
13414,6
13415,4
13416,3
13417,6
13418,31
13419,1
13420,2
13421,8
13422,1
13423,1
13424,1
13425,5
13426,22
13427,6
13428,3
13429,4
13430,2
13431,8
13432,2
13433,4
13434,5
13435,9
13436,1
13437,7
13438,1
13439,3
13440,7
13441,2
13442,3
13443,6
13444,2
13445,1
13446,11
13447,3
13448,13
13449,1
13450,13
13451,11
13452,3
13453,3
13454,1
13455,6
13456,6
13457,2
13458,16
13459,2
13460,2
13461,6
13462,5
13464,6
13465,2
13466,5
13467,2
13468,72
13469,1
13470,2
13471,4
13472,2
13473,8
13474,3
13475,4
13476,5
13477,11
13478,5
13479,4
13480,2
13481,11
13482,2
13483,1
13484,3
13485,11
13486,3
13487,5
13488,23
13489,4
13490,1
13491,27
13492,3
13493,2
13494,1
13495,10
13496,2
13497,6
13498,1
13499,5
13500,4
13501,3
13502,5
13503,6
13504,1
13505,4
13506,5
13507,4
13508,2
13509,8
13510,11
13511,1
13512,4
13513,3
13514,4
13515,6
13516,4
13517,3
13518,1
13519,2
13520,11
13521,3
13522,1
13523,6
13524,5
13525,2
13526,2
13527,12
13529,2
13530,1
13531,6
13532,1
13533,3
13534,35
13535,1
13536,7
13537,2
13538,12
13539,7
13540,3
13541,2
13542,17
13543,2
13544,6
13545,2
13546,5
13547,1
13548,3
13549,8
13550,1
13551,2
13552,22
13553,1
13554,7
13555,13
13556,2
13557,13
13558,4
13559,2
13560,1
13561,11
13562,8
13563,2
13564,37
13565,3
13566,5
13567,4
13568,1
13569,4
13570,1
13571,26
13572,1
13573,6
13574,1
13575,5
13576,28
13577,11
13578,1
13579,5
13580,1
13581,2
13582,2
13583,2
13584,3
13585,3
13586,1
13587,4
13588,9
13589,6
13590,18
13591,7
13592,4
13593,14
13594,2
13595,3
13596,2
13597,2
13598,5
13599,33
13600,2
13601,4
13602,4
13603,1
13604,1
13605,2
13606,3
13607,2
13608,1
13609,1
13610,14
13611,10
13612,1
13613,5
13614,6
13615,8
13616,2
13617,8
13618,1
13619,2
13620,1
13621,1
13622,1
13623,10
13624,1
13625,1
13626,2
13627,7
13628,1
13629,19
13630,7
13631,11
13632,8
13634,16
13635,4
13636,5
13637,3
13638,1
13639,2
13640,1
13641,5
13642,4
13643,10
13644,4
13645,1
13646,2
13647,8
13648,8
13649,6
13650,10
13651,3
13652,5
13653,1
13654,11
13655,6
13656,4
13657,2
13658,9
13659,12
13660,1
13661,1
13662,11
13663,5
13665,3
13666,5
13667,1
13668,35
13669,3
13670,1
13671,1
13672,3
13673,2
13674,1
13675,2
13676,2
13677,2
13678,1
13679,3
13680,12
13681,4
13682,1
13683,1
13684,4
13685,7
13686,3
13687,1
13688,1
13689,2
13690,1
13691,1
13692,5
13693,9
13694,143
13695,16
13696,3
13697,1
13698,2
13699,2
13700,13
13701,1
13702,1
13703,2
13704,9
13705,7
13706,2
13707,5
13708,1
13709,18
13710,3
13711,9
13712,2
13713,3
13714,1
13715,17
13716,1
13717,8
13718,2
13719,11
13720,4
13721,2
13722,10
13723,6
13724,1
13725,8
13726,2
13727,8
13728,16
13729,3
13730,2
13731,2
13732,1
13733,2
13734,4
13735,13
13736,7
13737,1
13738,1
13739,2
13740,5
13741,3
13742,12
13743,7
13744,2
13745,2
13746,1
13747,2
13748,9
13750,11
13751,1
13752,7
13753,4
13754,3
13755,9
13756,23
13757,1
13758,15
13759,2
13760,5
13761,6
13762,5
13763,3
13764,6
13765,1
13766,1
13767,73
13768,2
13769,20
13770,4
13771,9
13772,8
13773,2
13774,1
13775,1
13776,2
13777,61
13778,4
13779,1
13780,3
13781,3
13782,13
13783,4
13784,14
13785,4
13786,6
13787,6
13788,1
13789,1
13790,1
13791,2
13792,3
13793,1
13794,1
13795,4
13796,1
13797,3
13798,110
13799,9
13800,3
13801,1
13802,19
13803,3
13804,9
13805,2
13806,1
13807,3
13808,5
13809,3
13810,3
13811,3
13812,3
13813,8
13814,3
13815,8
13816,2
13817,2
13818,1
13819,6
13820,3
13821,6
13822,2
13823,7
13824,12
13825,2
13826,1
13827,3
13828,1
13829,1
13830,1
13831,18
13832,2
13833,2
13834,2
13835,7
13836,2
13837,2
13838,10
13839,1
13840,1
13841,1
13842,18
13843,1
13844,1
13845,1
13846,4
13847,1
13848,8
13849,5
13850,1
13851,8
13852,1
13853,1
13854,39
13855,4
13856,11
13857,6
13858,1
13859,2
13860,5
13861,2
13862,9
13863,4
13864,1
13865,4
13866,1
13867,3
13868,2
13869,10
13870,15
13871,17
13872,3
13873,8
13874,7
13875,14
13876,1
13877,3
13878,4
13879,1
13880,17
13881,43
13882,5
13883,15
13884,10
13885,2
13886,1
13887,1
13888,7
13889,6
13890,14
13891,3
13892,6
13893,1
13894,3
13895,6
13896,1
13897,3
13898,2
13899,2
13900,6
13901,15
13902,5
13903,1
13904,2
13905,1
13906,1
13907,1
13908,4
13909,2
13911,20
13912,1
13913,1
13914,2
13915,1
13916,4
13917,2
13918,2
13919,4
13920,4
13921,4
13922,3
13923,1
13924,6
13925,4
13926,1
13927,2
13928,4
13929,11
13930,2
13931,11
13932,1
13933,2
13934,1
13935,3
13936,3
13937,2
13938,1
13939,7
13940,4
13941,15
13942,1
13943,1
13944,1
13945,2
13946,6
13947,1
13948,4
13949,6
13950,4
13951,3
13952,14
13953,12
13954,2
13955,3
13956,5
13957,3
13958,8
13959,6
13960,2
13961,1
13962,3
13963,17
13964,2
13965,3
13966,1
13967,2
13968,1
13969,35
13970,2
13971,14
13972,2
13973,1
13974,2
13975,12
13976,4
13977,1
13978,2
13979,7
13980,5
13981,1
13982,9
13983,21
13984,12
13985,22
13986,1
13987,2
13988,8
13989,5
13990,1
13991,6
13992,3
13993,19
13994,6
13995,14
13996,2
13997,3
13998,3
13999,29
14000,5
14001,9
14002,2
14003,1
14004,11
14005,5
14006,7
14007,1
14008,1
14009,3
14010,2
14011,2
14012,1
14013,5
14014,3
14015,1
14016,11
14017,1
14018,1
14019,3
14020,4
14021,7
14022,2
14023,2
14024,3
14025,8
14026,2
14027,1
14028,3
14029,2
14030,20
14031,44
14032,16
14033,1
14034,3
14035,9
14036,1
14037,6
14038,5
14039,2
14040,35
14041,1
14042,1
14043,2
14044,10
14045,16
14046,1
14047,14
14048,3
14049,13
14050,2
14051,37
14052,2
14053,4
14054,1
14055,3
14056,23
14057,22
14058,2
14059,1
14060,30
14061,3
14062,24
14063,9
14064,15
14065,3
14066,1
14067,2
14068,4
14069,2
14070,1
14071,8
14072,1
14073,1
14074,1
14075,6
14076,1
14077,6
14078,9
14079,2
14080,5
14081,10
14082,2
14083,11
14084,1
14085,33
14086,1
14087,3
14088,16
14089,1
14090,1
14091,2
14092,24
14093,1
14094,1
14095,1
14096,17
14097,2
14098,1
14099,20
14100,1
14101,13
14102,5
14104,5
14105,5
14106,1
14107,11
14108,4
14109,1
14110,33
14111,4
14112,13
14113,16
14114,7
14115,2
14116,5
14117,1
14118,1
14119,2
14121,4
14122,3
14123,1
14124,1
14125,3
14126,4
14127,6
14128,3
14129,9
14130,4
14131,1
14132,11
14133,4
14134,15
14135,24
14136,5
14137,1
14138,2
14139,4
14140,2
14141,4
14142,2
14143,1
14144,1
14145,7
14146,12
14147,9
14148,2
14149,1
14150,2
14151,2
14152,7
14153,1
14154,8
14155,1
14156,156
14157,5
14158,1
14159,20
14160,7
14161,7
14162,2
14163,5
14164,2
14165,1
14166,2
14167,8
14168,2
14169,2
14170,3
14171,2
14172,3
14173,6
14174,1
14175,8
14176,5
14177,13
14178,7
14179,2
14180,33
14181,2
14182,4
14183,2
14184,1
14185,1
14186,5
14187,1
14188,6
14189,16
14190,1
14191,15
14192,1
14193,3
14194,36
14195,6
14196,1
14197,1
14198,9
14199,4
14200,1
14201,10
14202,3
14203,1
14204,4
14205,9
14206,3
14207,1
14208,2
14209,15
14210,16
14211,18
14212,2
14213,1
14214,5
14215,9
14216,5
14217,23
14218,1
14219,3
14220,4
14221,17
14222,1
14223,3
14224,9
14225,4
14226,6
14227,15
14228,3
14229,7
14230,3
14231,4
14232,5
14233,7
14234,4
14235,9
14236,5
14237,2
14238,3
14239,21
14240,3
14241,2
14242,2
14243,17
14244,1
14245,2
14246,3
14247,5
14248,3
14249,12
14250,3
14251,5
14252,1
14253,2
14254,1
14255,1
14256,5
14257,9
14258,25
14259,1
14260,3
14261,2
14262,8
14263,1
14264,6
14265,4
14266,1
14267,3
14268,1
14269,1
14270,1
14271,2
14272,4
14273,4
14274,1
14275,6
14276,7
14277,9
14278,1
14279,2
14280,1
14281,1
14282,25
14283,4
14284,3
14285,8
14286,7
14287,3
14288,1
14289,6
14290,8
14291,23
14292,16
14293,9
14294,1
14295,5
14296,2
14297,4
14298,82
14299,27
14300,1
14301,4
14302,3
14303,2
14304,3
14305,3
14306,6
14307,10
14308,2
14309,11
14310,1
14311,2
14312,11
14314,2
14315,8
14316,5
14317,1
14318,1
14319,1
14320,5
14321,7
14322,4
14323,2
14324,2
14325,1
14326,3
14327,6
14328,1
14329,15
14330,1
14331,2
14332,5
14333,1
14334,12
14335,2
14336,4
14338,3
14339,2
14340,1
14341,18
14342,6
14343,4
14344,20
14345,1
14346,5
14347,1
14348,1
14349,1
14350,3
14351,1
14352,4
14353,3
14354,2
14355,3
14356,2
14357,1
14358,2
14359,3
14360,4
14361,1
14362,1
14363,2
14364,8
14365,2
14366,1
14367,16
14368,1
14369,2
14370,6
14371,1
14372,2
14373,1
14374,1
14375,3
14376,1
14377,2
14378,1
14379,4
14380,1
14381,2
14382,2
14383,3
14384,1
14385,3
14386,1
14387,3
14388,16
14389,5
14390,13
14391,1
14392,1
14393,1
14394,1
14395,20
14396,7
14397,19
14398,2
14399,8
14400,3
14401,22
14402,1
14403,6
14404,13
14405,1
14406,1
14407,6
14408,11
14409,9
14410,11
14411,1
14412,3
14413,4
14414,8
14415,23
14416,2
14417,1
14418,3
14419,7
14420,4
14421,6
14422,19
14423,3
14424,1
14425,3
14426,17
14427,4
14428,5
14429,1
14430,3
14431,4
14432,6
14433,1
14434,6
14435,1
14436,2
14437,5
14438,1
14439,5
14440,13
14441,11
14442,7
14443,5
14444,1
14445,1
14446,5
14447,6
14448,2
14449,8
14450,7
14451,12
14452,4
14453,1
14454,5
14455,4
14456,9
14457,1
14458,1
14459,2
14460,9
14461,13
14462,12
14463,4
14464,2
14465,11
14466,13
14467,12
14468,1
14469,4
14470,3
14471,2
14472,9
14473,2
14474,2
14475,4
14476,1
14477,7
14478,4
14479,4
14480,4
14481,5
14482,12
14483,2
14484,4
14485,1
14486,2
14487,7
14488,1
14489,4
14490,2
14491,2
14492,7
14493,10
14494,3
14495,3
14496,7
14497,2
14498,10
14499,7
14500,3
14501,2
14502,11
14503,6
14504,4
14505,19
14506,7
14507,11
14508,5
14509,1
14510,3
14511,5
14512,7
14513,6
14514,9
14515,12
14516,1
14517,2
14518,1
14519,2
14520,2
14521,1
14522,8
14523,1
14524,13
14525,17
14526,1
14527,122
14528,1
14529,3
14530,16
14531,1
14532,11
14533,11
14534,26
14535,9
14536,1
14537,2
14538,5
14539,2
14540,11
14541,14
14542,1
14543,39
14544,3
14545,1
14546,11
14547,8
14548,9
14549,4
14550,4
14551,7
14552,3
14553,9
14554,4
14555,6
14556,3
14557,1
14558,3
14559,1
14560,44
14561,3
14562,26
14563,2
14564,2
14565,5
14566,4
14567,2
14568,1
14569,4
14570,3
14571,1
14572,11
14573,13
14574,1
14575,1
14576,1
14577,7
14578,1
14579,1
14580,1
14581,2
14582,1
14583,8
14584,8
14585,5
14586,1
14587,9
14588,1
14589,1
14590,20
14591,4
14592,3
14593,12
14594,2
14595,8
14596,1
14597,6
14598,2
14599,2
14600,2
14601,1
14602,1
14603,1
14604,1
14605,4
14606,192
14607,22
14608,11
14609,10
14610,2
14611,2
14612,1
14613,1
14614,1
14615,5
14616,5
14617,2
14618,7
14619,2
14620,2
14621,9
14622,1
14623,10
14624,6
14625,11
14626,11
14627,1
14628,5
14629,2
14630,1
14631,6
14632,1
14633,1
14634,4
14635,1
14636,2
14637,1
14638,1
14639,9
14640,10
14641,1
14642,1
14643,5
14644,7
14645,3
14646,151
14647,2
14648,15
14649,9
14650,1
14651,9
14652,1
14653,12
14654,1
14655,7
14656,5
14657,6
14658,2
14659,9
14660,2
14661,1
14662,7
14663,2
14664,2
14665,7
14666,1
14667,54
14668,1
14669,7
14670,3
14671,2
14672,4
14673,7
14674,1
14675,2
14676,12
14677,1
14678,1
14679,3
14680,58
14681,6
14682,6
14683,1
14684,6
14685,8
14686,5
14687,3
14688,28
14689,1
14690,4
14691,5
14692,12
14693,7
14694,1
14695,3
14696,8
14697,2
14698,5
14699,4
14700,5
14701,15
14702,29
14703,1
14704,11
14705,1
14706,1
14707,2
14708,5
14709,25
14710,13
14711,11
14712,4
14713,21
14714,4
14715,8
14716,3
14717,1
14718,1
14719,5
14720,3
14721,1
14722,3
14723,11
14724,1
14725,4
14726,1
14727,3
14728,1
14729,3
14730,8
14731,3
14732,19
14733,15
14734,4
14735,56
14736,2
14737,4
14738,9
14739,25
14740,11
14741,7
14742,1
14743,1
14744,14
14745,12
14746,4
14747,1
14748,10
14749,1
14750,1
14751,2
14752,1
14753,2
14754,6
14755,25
14756,3
14757,1
14758,7
14759,3
14760,1
14761,3
14762,2
14764,1
14765,3
14766,11
14767,1
14768,2
14769,17
14770,8
14771,2
14772,1
14773,1
14774,1
14775,3
14776,15
14777,1
14778,2
14779,3
14780,2
14782,1
14783,1
14784,3
14785,2
14786,1
14787,1
14788,3
14789,1
14790,10
14791,1
14792,1
14793,2
14794,10
14795,1
14796,27
14797,1
14798,8
14799,2
14800,17
14801,1
14802,2
14803,3
14804,1
14805,7
14806,2
14807,2
14808,8
14809,2
14810,13
14811,1
14812,1
14813,4
14814,1
14815,2
14816,1
14817,7
14818,6
14819,4
14820,9
14821,7
14822,1
14823,3
14824,10
14825,24
14826,2
14828,13
14829,7
14830,1
14831,3
14832,1
14833,1
14834,7
14835,2
14836,3
14837,9
14838,2
14839,3
14840,2
14841,14
14842,4
14843,1
14844,10
14845,1
14846,1
14847,3
14848,1
14849,43
14850,7
14851,3
14852,18
14853,5
14854,11
14855,7
14856,3
14857,7
14858,1
14859,5
14860,1
14861,10
14862,2
14863,1
14865,4
14866,19
14867,16
14868,12
14869,6
14870,6
14871,9
14872,3
14873,2
14874,1
14875,3
14876,2
14877,2
14878,25
14879,1
14880,3
14881,1
14882,14
14883,6
14884,1
14885,3
14886,1
14887,1
14888,1
14889,1
14890,3
14891,4
14892,1
14893,3
14894,3
14895,38
14896,8
14897,8
14898,14
14899,1
14900,1
14901,12
14902,3
14903,5
14904,4
14905,8
14906,1
14907,16
14908,2
14909,3
14910,4
14911,398
14912,6
14913,8
14915,11
14916,8
14917,2
14918,9
14919,1
14920,3
14921,2
14922,2
14923,1
14924,3
14926,2
14927,1
14928,1
14929,2
14930,6
14931,5
14932,2
14933,4
14934,5
14935,2
14936,12
14937,3
14938,2
14940,2
14941,1
14942,4
14943,1
14944,19
14945,1
14946,1
14947,6
14948,6
14949,4
14950,1
14951,1
14952,32
14953,4
14954,2
14955,1
14956,1
14957,2
14958,6
14959,4
14960,2
14961,22
14962,4
14963,12
14964,1
14965,2
14966,6
14967,6
14968,2
14969,1
14970,12
14971,3
14972,2
14973,3
14974,1
14975,2
14976,7
14977,1
14978,10
14979,1
14980,1
14981,2
14982,1
14983,1
14984,6
14985,2
14986,2
14987,8
14988,7
14989,1
14990,2
14991,1
14992,1
14993,1
14994,5
14995,2
14996,2
14997,4
14998,4
14999,1
15000,1
15001,2
15002,9
15003,6
15004,1
15005,56
15006,2
15007,1
15008,2
15009,3
15010,1
15011,2
15012,3
15013,10
15014,2
15015,13
15016,5
15017,1
15018,3
15019,1
15020,1
15021,12
15022,5
15023,20
15024,16
15025,2
15026,5
15027,10
15028,6
15029,1
15030,8
15031,14
15032,8
15033,10
15034,14
15035,1
15036,3
15037,2
15038,9
15039,93
15040,1
15041,2
15042,2
15043,6
15044,35
15045,2
15046,25
15047,1
15048,4
15049,1
15050,5
15051,9
15052,1
15053,3
15054,2
15055,3
15056,1
15057,5
15058,16
15059,19
15060,4
15061,127
15062,8
15063,1
15064,4
15065,5
15066,1
15067,5
15068,4
15069,1
15070,3
15071,4
15072,1
15073,8
15074,3
15075,1
15076,3
15077,2
15078,53
15079,11
15080,2
15081,12
15082,1
15083,1
15084,2
15085,1
15086,2
15087,1
15088,2
15089,6
15090,1
15091,3
15092,3
15093,23
15094,2
15095,10
15096,1
15097,3
15098,3
15099,1
15100,7
15101,6
15102,2
15103,2
15104,2
15105,9
15106,5
15107,9
15108,4
15109,3
15110,6
15111,5
15112,1
15113,3
15114,12
15115,2
15116,4
15117,8
15118,1
15119,1
15120,1
15121,2
15122,11
15123,5
15124,4
15125,24
15126,2
15127,2
15128,5
15129,23
15130,1
15131,1
15132,5
15133,5
15134,10
15135,2
15136,4
15137,2
15138,1
15139,2
15140,8
15141,7
15142,6
15143,2
15144,29
15145,4
15146,2
15147,1
15148,1
15149,5
15150,13
15151,2
15152,14
15153,1
15154,3
15155,1
15156,3
15157,5
15158,2
15159,34
15160,4
15161,1
15162,1
15163,2
15164,9
15165,1
15166,1
15167,5
15168,1
15169,2
15170,1
15171,1
15172,5
15173,7
15174,2
15175,1
15176,1
15177,1
15178,1
15179,13
15180,3
15181,5
15182,11
15183,3
15184,4
15185,1
15186,5
15187,16
15188,1
15189,46
15190,1
15191,3
15192,5
15193,1
15194,28
15195,1
15196,2
15197,6
15198,5
15199,10
15200,1
15201,7
15202,3
15203,15
15204,1
15205,2
15206,4
15207,3
15208,6
15209,1
15210,3
15211,2
15212,2
15213,2
15214,8
15215,7
15216,2
15217,1
15218,22
15219,2
15220,6
15221,4
15222,11
15223,5
15224,5
15225,1
15226,1
15227,9
15228,6
15229,1
15230,2
15231,1
15232,2
15233,1
15234,1
15235,16
15236,1
15237,4
15238,3
15239,2
15240,12
15241,11
15242,1
15243,2
15244,3
15245,8
15246,3
15247,3
15248,3
15249,18
15250,1
15251,21
15252,5
15253,8
15254,3
15255,9
15256,2
15257,2
15258,2
15259,4
15260,25
15261,4
15262,3
15263,1
15264,2
15265,4
15266,5
15267,5
15268,3
15269,3
15270,21
15271,24
15272,6
15273,1
15274,2
15275,1
15276,4
15277,2
15278,4
15279,5
15280,3
15281,16
15282,1
15283,3
15284,1
15285,1
15286,1
15287,5
15288,10
15289,5
15290,26
15291,40
15292,1
15293,1
15294,1
15295,1
15296,12
15297,3
15298,23
15299,10
15300,1
15301,17
15302,1
15303,3
15304,9
15305,1
15306,9
15307,1
15308,1
15309,4
15310,1
15311,208
15312,12
15313,1
15314,3
15315,2
15316,1
15317,1
15318,1
15319,1
15320,1
15321,12
15322,2
15323,3
15324,1
15325,8
15326,5
15327,1
15328,1
15329,11
15330,2
15331,3
15332,6
15333,1
15334,3
15335,1
15336,1
15337,1
15338,1
15339,7
15340,1
15341,2
15342,1
15343,1
15344,3
15345,1
15346,3
15347,4
15348,1
15349,2
15350,2
15351,10
15352,1
15353,7
15354,3
15355,2
15356,13
15358,42
15359,8
15360,1
15361,4
15362,2
15363,2
15364,2
15365,13
15366,7
15367,11
15368,2
15369,11
15370,8
15371,1
15372,8
15373,17
15374,2
15375,1
15376,3
15377,4
15378,2
15379,8
15380,11
15381,5
15382,12
15384,4
15385,3
15386,1
15387,1
15388,1
15389,5
15390,2
15391,1
15392,7
15393,5
15394,11
15395,1
15396,2
15397,1
15398,2
15399,3
15400,8
15401,2
15402,6
15403,2
15404,1
15405,2
15406,4
15407,4
15408,1
15409,1
15410,10
15411,4
15412,1
15413,5
15414,3
15415,1
15416,7
15417,1
15418,2
15419,1
15420,6
15421,10
15422,7
15423,3
15424,3
15425,4
15426,9
15427,3
15428,4
15429,2
15430,2
15431,1
15432,2
15433,2
15434,11
15435,1
15436,3
15437,2
15438,1
15439,4
15440,3
15441,3
15442,1
15443,14
15444,2
15445,2
15446,3
15447,5
15448,2
15449,3
15450,1
15451,2
15452,6
15453,7
15454,2
15455,1
15456,10
15457,1
15458,2
15459,2
15460,1
15461,2
15462,4
15463,1
15464,1
15465,32
15466,4
15467,3
15468,3
15469,3
15470,1
15471,3
15472,1
15473,8
15474,1
15475,1
15476,4
15477,1
15478,3
15479,1
15480,5
15481,1
15482,19
15483,10
15484,6
15485,7
15486,1
15487,1
15488,5
15489,8
15490,1
15491,6
15492,2
15493,9
15494,5
15495,1
15496,1
15497,9
15498,44
15499,1
15500,4
15501,2
15502,14
15503,2
15504,4
15505,5
15506,6
15507,1
15508,6
15509,1
15510,1
15511,5
15512,4
15513,35
15514,18
15515,1
15516,3
15517,1
15518,15
15519,2
15520,1
15521,16
15522,2
15523,16
15524,2
15525,4
15526,2
15527,23
15528,1
15529,12
15530,5
15531,2
15532,10
15533,3
15534,1
15535,6
15536,1
15537,1
15538,6
15539,1
15540,2
15541,1
15542,3
15543,2
15544,20
15545,2
15546,2
15547,26
15548,1
15549,8
15550,12
15551,7
15552,2
15553,1
15554,1
15555,36
15556,1
15557,1
15558,1
15559,1
15560,2
15561,8
15562,3
15563,7
15564,2
15565,2
15566,2
15567,1
15568,3
15569,10
15570,25
15571,14
15572,10
15573,5
15574,6
15575,1
15576,1
15577,5
15578,1
15579,5
15580,8
15581,38
15582,3
15583,1
15584,6
15585,1
15586,3
15587,7
15588,1
15589,3
15590,5
15591,3
15592,1
15593,1
15594,5
15595,1
15596,9
15597,2
15598,2
15599,3
15600,4
15601,30
15602,16
15603,2
15604,1
15605,9
15606,17
15607,9
15608,5
15609,1
15610,1
15611,26
15612,2
15613,1
15614,4
15615,47
15616,1
15617,3
15618,4
15619,1
15620,4
15621,4
15622,17
15623,8
15624,4
15625,9
15626,3
15627,2
15628,17
15629,4
15630,3
15631,1
15632,8
15633,13
15634,2
15635,1
15636,4
15637,5
15638,6
15639,3
15640,29
15641,12
15642,1
15643,3
15644,4
15645,3
15646,5
15647,1
15648,2
15649,4
15650,2
15651,5
15652,5
15653,2
15654,2
15655,1
15656,4
15657,1
15658,8
15659,3
15660,15
15661,8
15662,2
15663,1
15664,4
15665,5
15666,2
15667,1
15668,1
15669,4
15670,2
15671,7
15672,1
15673,9
15674,13
15675,4
15676,3
15677,3
15678,3
15679,4
15680,10
15681,14
15682,2
15683,2
15684,3
15685,1
15686,1
15687,9
15688,1
15689,3
15690,2
15691,4
15692,1
15693,1
15694,24
15695,4
15696,13
15697,1
15698,1
15699,1
15700,2
15701,4
15702,2
15703,1
15704,6
15705,1
15706,4
15707,4
15708,9
15709,2
15710,1
15711,2
15712,12
15713,4
15714,5
15715,5
15716,11
15717,5
15718,1
15719,31
15720,2
15721,1
15722,11
15723,4
15724,3
15725,1
15726,1
15727,15
15728,2
15729,3
15730,5
15731,1
15732,10
15733,1
15734,4
15735,1
15736,2
15737,8
15738,41
15739,1
15740,1
15741,2
15742,1
15743,4
15744,1
15745,4
15746,1
15747,9
15748,3
15749,3
15750,18
15751,11
15752,9
15753,1
15754,9
15755,17
15756,4
15757,6
15758,1
15759,7
15760,2
15761,1
15762,2
15763,2
15764,8
15765,1
15766,3
15768,34
15769,46
15770,1
15771,3
15772,1
15773,2
15774,6
15775,2
15776,1
15777,7
15778,1
15779,2
15780,3
15781,3
15782,4
15783,1
15784,2
15785,16
15786,5
15787,3
15788,1
15789,6
15790,1
15791,5
15792,2
15793,8
15794,2
15795,8
15796,17
15797,6
15798,3
15799,4
15800,7
15801,3
15802,1
15803,4
15804,13
15805,30
15806,3
15807,5
15808,21
15809,7
15810,8
15811,7
15812,12
15813,2
15814,6
15815,5
15816,2
15817,3
15818,1
15819,10
15820,1
15821,2
15822,6
15823,3
15824,2
15825,1
15826,4
15827,28
15828,1
15829,2
15830,1
15831,3
15832,1
15833,1
15834,7
15835,4
15836,1
15837,2
15838,34
15839,3
15840,2
15841,9
15842,2
15843,1
15844,1
15845,11
15846,1
15847,5
15848,1
15850,6
15851,1
15852,3
15853,1
15854,21
15855,6
15856,52
15857,2
15858,13
15859,1
15860,17
15861,12
15862,13
15863,5
15864,7
15865,5
15866,1
15867,31
15868,1
15869,3
15870,4
15871,1
15872,4
15873,4
15874,21
15875,1
15876,2
15877,2
15878,2
15879,4
15880,1
15881,5
15882,8
15883,2
15884,2
15885,15
15886,4
15887,3
15888,3
15889,8
15890,5
15891,1
15892,1
15893,1
15894,2
15895,1
15897,2
15898,25
15899,1
15900,4
15901,7
15902,1
15903,12
15904,1
15905,1
15906,10
15907,3
15908,2
15909,1
15910,15
15911,8
15912,9
15913,1
15914,2
15915,1
15916,13
15917,5
15918,3
15919,2
15920,9
15921,4
15922,1
15923,1
15924,1
15925,1
15926,1
15927,1
15928,1
15929,1
15930,1
15931,1
15932,8
15933,3
15934,2
15935,2
15936,2
15937,1
15938,9
15939,16
15940,1
15941,1
15942,1
15943,2
15944,4
15945,4
15946,3
15947,1
15948,3
15949,2
15950,10
15951,3
15952,4
15953,18
15954,1
15955,22
15956,2
15957,3
15958,4
15959,3
15960,4
15961,1
15962,1
15963,2
15964,1
15965,13
15966,1
15967,12
15968,1
15969,5
15970,2
15971,18
15972,5
15973,3
15974,7
15975,1
15976,6
15977,2
15978,3
15979,1
15980,7
15981,21
15982,1
15983,8
15984,30
15985,7
15986,2
15987,8
15988,3
15989,2
15990,7
15991,1
15992,3
15993,7
15994,3
15995,1
15996,7
15998,16
15999,1
16000,3
16001,1
16002,1
16003,10
16004,5
16005,10
16006,2
16007,7
16008,15
16009,4
16010,11
16011,29
16012,5
16013,84
16014,5
16015,3
16016,11
16017,5
16018,4
16019,27
16020,3
16021,2
16022,1
16023,3
16024,3
16025,1
16026,1
16027,15
16028,1
16029,107
16030,1
16031,2
16032,6
16033,27
16034,6
16035,1
16036,4
16037,5
16038,3
16039,2
16040,7
16041,3
16042,8
16043,8
16044,1
16045,8
16046,1
16047,1
16048,4
16049,6
16050,3
16051,1
16052,1
16053,6
16054,4
16055,1
16056,1
16057,10
16058,1
16059,12
16060,3
16061,1
16062,8
16063,1
16064,1
16065,8
16066,5
16067,3
16068,1
16069,1
16070,2
16071,4
16072,4
16073,1
16074,1
16075,2
16076,10
16077,1
16078,2
16079,3
16080,4
16081,8
16082,1
16083,4
16084,1
16085,12
16086,10
16087,5
16088,2
16089,2
16090,1
16091,2
16092,6
16093,1
16094,11
16095,1
16096,4
16097,1
16098,14
16099,7
16100,1
16101,4
16102,3
16103,22
16104,9
16105,5
16106,1
16107,7
16108,4
16109,3
16110,4
16111,1
16112,4
16113,1
16114,1
16115,12
16116,1
16117,3
16118,1
16119,8
16120,6
16121,5
16122,6
16123,1
16124,4
16125,14
16126,15
16127,2
16128,11
16129,3
16130,4
16131,12
16132,2
16133,56
16134,5
16135,2
16136,4
16137,1
16138,3
16139,5
16140,3
16141,2
16142,1
16143,12
16144,1
16145,19
16146,4
16147,5
16148,2
16149,3
16150,10
16152,1
16153,11
16155,5
16156,20
16157,3
16158,9
16159,4
16160,2
16161,43
16162,1
16163,6
16164,3
16165,1
16166,2
16167,5
16168,66
16169,4
16170,20
16171,1
16172,8
16173,6
16174,7
16175,7
16176,4
16177,8
16178,2
16179,1
16180,13
16181,1
16182,9
16183,4
16184,6
16185,3
16186,26
16187,15
16188,5
16189,2
16190,8
16191,24
16192,1
16193,2
16194,1
16195,1
16196,1
16197,9
16198,2
16199,7
16200,12
16201,5
16202,9
16203,6
16204,3
16205,7
16206,13
16207,1
16208,10
16209,9
16210,35
16211,3
16212,4
16213,1
16214,4
16215,1
16216,1
16217,2
16218,13
16219,1
16221,9
16222,2
16223,2
16224,5
16225,15
16226,5
16227,3
16228,3
16229,6
16230,2
16231,4
16232,7
16233,9
16234,3
16235,9
16236,1
16237,1
16238,1
16239,6
16240,2
16241,16
16242,14
16243,2
16244,2
16245,3
16246,2
16247,1
16248,1
16249,5
16250,3
16251,1
16252,1
16253,7
16254,3
16255,15
16256,3
16257,1
16258,15
16259,3
16260,1
16261,6
16262,1
16263,1
16264,2
16265,12
16266,14
16267,1
16268,2
16269,1
16270,1
16271,10
16272,1
16273,2
16274,1
16275,3
16276,3
16277,1
16278,3
16279,9
16280,1
16281,3
16282,3
16283,8
16284,3
16285,1
16286,2
16287,5
16288,1
16289,1
16290,4
16291,1
16292,5
16293,15
16294,1
16295,4
16296,4
16297,1
16298,7
16299,1
16300,3
16301,1
16302,1
16303,7
16304,1
16305,1
16306,7
16307,3
16308,7
16309,2
16310,2
16311,2
16312,1
16313,2
16314,3
16315,2
16316,13
16317,5
16318,1
16319,1
16320,6
16321,7
16322,2
16323,2
16324,3
16325,12
16326,24
16327,16
16328,1
16329,4
16330,7
16331,6
16332,11
16333,22
16334,1
16335,7
16336,4
16337,1
16338,1
16339,1
16340,3
16341,7
16342,4
16343,3
16344,4
16345,2
16346,1
16347,11
16348,8
16349,1
16350,9
16351,13
16352,2
16353,38
16354,5
16355,1
16356,6
16357,4
16358,5
16359,16
16360,6
16361,4
16362,6
16363,1
16364,2
16365,15
16366,4
16367,3
16368,3
16369,7
16370,4
16371,1
16372,5
16373,2
16374,5
16375,2
16376,2
16377,2
16378,3
16379,4
16380,1
16381,2
16382,2
16383,7
16384,4
16385,5
16386,3
16387,5
16388,1
16389,4
16390,3
16391,4
16392,3
16393,23
16394,5
16395,14
16396,1
16397,1
16398,2
16399,3
16400,9
16401,23
16402,2
16403,1
16404,1
16405,2
16406,3
16407,14
16408,1
16409,12
16410,1
16411,4
16412,5
16413,2
16414,5
16415,3
16416,9
16417,1
16418,5
16419,8
16420,1
16421,3
16422,109
16423,1
16424,2
16425,1
16426,10
16427,2
16428,3
16429,1
16430,7
16431,3
16432,1
16433,2
16434,12
16435,3
16436,3
16437,2
16438,5
16439,1
16440,6
16441,5
16442,5
16443,1
16444,17
16445,4
16446,2
16447,3
16448,2
16449,2
16450,3
16451,3
16452,2
16453,2
16454,4
16455,11
16456,13
16457,1
16458,30
16459,1
16460,3
16461,3
16462,3
16463,4
16464,3
16465,2
16466,15
16467,7
16468,3
16469,5
16470,11
16471,4
16472,2
16473,4
16474,7
16475,4
16476,1
16477,11
16478,3
16479,2
16480,1
16481,1
16482,1
16483,1
16484,2
16485,5
16486,1
16487,2
16488,3
16489,2
16490,1
16491,2
16492,1
16493,7
16494,1
16495,3
16496,6
16497,23
16498,2
16499,8
16500,9
16501,1
16502,2
16503,11
16504,1
16505,1
16506,2
16507,1
16508,1
16509,1
16510,6
16511,6
16513,4
16515,10
16516,1
16517,1
16518,4
16519,4
16520,6
16521,3
16522,2
16523,28
16524,2
16525,48
16526,2
16527,2
16528,1
16529,4
16530,1
16531,11
16532,5
16533,3
16534,1
16535,3
16536,1
16537,1
16538,3
16539,10
16540,1
16541,1
16542,2
16543,1
16544,4
16545,2
16546,5
16547,1
16548,1
16549,34
16550,18
16551,7
16552,2
16553,33
16554,8
16555,6
16556,17
16557,2
16558,38
16559,1
16560,8
16561,2
16562,1
16563,6
16564,1
16565,4
16566,5
16567,2
16568,2
16569,5
16570,20
16571,10
16572,3
16573,2
16574,3
16576,2
16577,1
16578,1
16579,1
16581,1
16582,1
16583,2
16584,5
16585,2
16586,3
16587,1
16588,4
16589,4
16590,2
16591,1
16592,28
16593,8
16594,1
16595,5
16596,4
16597,1
16598,1
16599,1
16600,13
16601,3
16602,2
16603,2
16604,2
16605,1
16606,2
16607,25
16608,2
16609,7
16610,1
16611,6
16612,9
16613,1
16614,3
16615,1
16616,2
16617,1
16618,5
16619,4
16620,6
16621,4
16622,1
16623,4
16624,2
16625,5
16626,17
16627,1
16628,7
16629,2
16630,1
16631,7
16632,2
16633,6
16634,6
16635,1
16636,4
16637,4
16638,15
16639,4
16640,1
16641,2
16642,3
16643,2
16644,2
16645,1
16646,1
16647,4
16648,3
16649,1
16650,7
16651,1
16652,16
16653,2
16654,8
16655,13
16656,30
16657,4
16658,6
16659,1
16660,7
16661,4
16662,1
16663,1
16664,1
16665,1
16666,2
16667,2
16668,13
16669,3
16670,20
16671,3
16672,20
16673,1
16674,2
16675,2
16676,6
16677,2
16678,12
16679,3
16680,3
16681,7
16682,5
16683,1
16684,55
16685,2
16686,16
16687,1
16688,4
16689,2
16690,4
16691,2
16692,4
16693,5
16694,1
16695,2
16696,4
16697,1
16698,2
16699,7
16700,25
16701,26
16702,4
16704,2
16705,42
16706,3
16707,4
16708,1
16709,14
16710,22
16711,9
16712,13
16713,32
16714,4
16715,2
16716,3
16717,14
16718,5
16719,14
16720,3
16721,1
16722,22
16723,4
16724,1
16725,14
16726,7
16727,4
16728,4
16729,21
16730,3
16731,1
16732,4
16733,1
16734,3
16735,14
16736,5
16737,2
16738,1
16739,2
16740,1
16741,1
16742,14
16743,14
16744,7
16745,17
16746,42
16747,2
16748,14
16749,2
16750,5
16751,1
16752,1
16753,1
16754,29
16755,7
16756,7
16757,2
16758,1
16759,3
16760,1
16761,1
16762,3
16763,2
16764,13
16765,2
16766,2
16767,15
16768,9
16769,4
16770,9
16771,10
16772,3
16773,3
16774,8
16775,16
16776,2
16777,5
16778,2
16779,53
16780,3
16781,2
16782,38
16783,1
16784,5
16785,1
16786,1
16787,4
16788,5
16789,1
16790,6
16791,15
16792,5
16793,1
16794,15
16795,3
16796,1
16797,5
16798,3
16799,2
16800,1
16801,4
16802,2
16803,1
16804,3
16805,5
16806,4
16807,6
16808,2
16809,9
16810,2
16811,2
16812,4
16813,10
16814,36
16815,2
16816,4
16817,13
16818,11
16819,2
16820,1
16821,1
16822,1
16823,7
16824,3
16825,5
16826,1
16827,5
16828,2
16829,2
16830,4
16831,1
16832,5
16833,6
16834,2
16835,6
16836,4
16837,11
16838,4
16839,44
16840,2
16841,12
16842,3
16843,35
16844,2
16845,1
16846,3
16847,2
16848,4
16849,1
16850,1
16851,3
16852,2
16854,2
16855,2
16856,3
16857,1
16858,10
16859,7
16860,3
16861,5
16862,4
16863,3
16864,2
16865,1
16866,3
16867,1
16868,3
16869,4
16870,1
16871,6
16872,6
16873,12
16874,1
16875,11
16876,1
16877,6
16878,1
16880,8
16881,1
16882,3
16883,19
16884,4
16885,4
16886,1
16887,3
16888,3
16889,6
16890,3
16891,11
16892,7
16893,2
16894,3
16895,5
16896,1
16897,2
16898,5
16899,8
16900,3
16901,1
16902,1
16903,3
16904,21
16905,17
16906,7
16907,9
16908,1
16909,1
16910,8
16911,2
16912,15
16913,3
16914,1
16915,11
16916,4
16917,2
16918,16
16919,24
16920,1
16921,3
16922,1
16923,32
16924,3
16925,1
16926,5
16927,3
16928,29
16929,7
16930,3
16931,23
16932,3
16933,9
16934,6
16935,3
16936,2
16937,1
16938,9
16939,3
16940,8
16941,1
16942,9
16943,5
16944,1
16945,33
16946,5
16947,5
16948,7
16949,6
16950,10
16951,3
16952,5
16953,1
16954,20
16955,6
16956,1
16957,2
16958,1
16959,1
16960,8
16961,3
16962,1
16963,1
16964,2
16965,1
16966,7
16967,1
16968,2
16969,3
16970,1
16971,1
16972,2
16973,1
16974,2
16975,3
16976,1
16977,4
16978,3
16979,9
16980,3
16982,1
16983,11
16984,9
16985,23
16986,11
16987,11
16988,2
16989,6
16990,2
16991,1
16992,13
16993,2
16996,9
16997,3
16998,5
16999,2
17000,2
17001,19
17002,7
17003,4
17004,4
17005,2
17006,8
17007,7
17008,1
17009,1
17010,1
17011,3
17012,1
17014,3
17015,3
17016,1
17017,29
17018,6
17019,11
17020,2
17021,6
17022,2
17023,3
17024,3
17025,5
17026,3
17027,9
17028,3
17029,7
17030,1
17031,6
17032,8
17033,4
17034,5
17035,4
17036,1
17037,1
17038,2
17039,1
17040,2
17041,6
17042,5
17043,8
17044,12
17045,5
17046,5
17047,6
17048,7
17049,19
17050,11
17051,4
17052,1
17053,1
17054,5
17055,1
17056,1
17057,1
17058,3
17059,9
17060,1
17061,11
17062,6
17063,13
17064,3
17065,2
17066,1
17067,3
17068,47
17069,14
17070,2
17071,13
17072,1
17073,4
17074,1
17075,10
17076,6
17077,1
17078,2
17079,1
17080,7
17081,6
17082,6
17083,9
17084,3
17085,28
17086,6
17087,1
17088,4
17089,1
17090,13
17091,19
17092,11
17093,1
17094,2
17095,7
17096,11
17097,9
17098,3
17099,1
17100,2
17101,7
17102,1
17103,1
17104,1
17105,2
17106,1
17107,10
17108,1
17109,8
17110,3
17111,2
17112,1
17113,6
17114,8
17115,7
17116,1
17117,1
17118,1
17119,2
17120,1
17121,1
17122,4
17123,3
17124,1
17125,1
17126,9
17127,5
17128,1
17129,1
17131,5
17132,2
17133,12
17134,3
17135,10
17136,1
17137,6
17138,7
17139,25
17140,1
17141,4
17142,4
17143,2
17144,2
17145,4
17146,13
17147,9
17148,1
17149,1
17150,6
17151,1
17152,4
17153,1
17154,1
17155,7
17156,1
17157,19
17158,5
17159,5
17160,17
17161,1
17162,10
17163,4
17164,7
17165,6
17166,2
17167,3
17168,1
17169,3
17170,2
17171,2
17172,3
17173,8
17174,1
17175,4
17176,3
17177,1
17178,1
17179,6
17180,11
17181,3
17182,2
17183,6
17184,2
17185,3
17186,2
17187,2
17188,13
17189,5
17190,7
17191,15
17192,1
17193,9
17194,3
17195,1
17196,1
17197,1
17198,3
17199,1
17200,4
17201,4
17202,1
17203,10
17204,9
17205,3
17206,1
17207,1
17208,1
17209,3
17210,1
17211,13
17212,3
17213,13
17214,6
17215,1
17216,1
17217,2
17218,18
17219,2
17220,21
17221,5
17222,6
17223,3
17224,1
17225,1
17226,3
17227,12
17228,13
17229,2
17230,18
17231,25
17232,2
17233,3
17234,1
17235,8
17236,12
17237,4
17238,32
17239,4
17240,1
17241,12
17242,5
17243,69
17244,5
17245,2
17246,2
17247,1
17248,2
17249,1
17250,2
17251,3
17252,2
17253,1
17254,3
17255,4
17256,5
17257,2
17258,2
17259,6
17260,1
17261,1
17262,11
17263,1
17264,1
17265,2
17266,5
17267,2
17268,11
17269,1
17270,2
17271,1
17272,4
17273,1
17274,2
17275,1
17276,1
17277,2
17278,2
17279,1
17280,1
17281,6
17282,5
17283,1
17284,8
17285,2
17286,3
17287,21
17288,11
17289,9
17290,8
17291,1
17292,2
17293,17
17294,2
17295,3
17296,1
17297,1
17298,5
17299,6
17300,2
17301,2
17302,5
17303,1
17304,1
17305,1
17306,21
17307,11
17308,2
17309,3
17310,2
17311,6
17312,3
17313,1
17314,17
17315,43
17316,1
17317,3
17318,1
17319,1
17320,6
17321,6
17322,5
17323,12
17324,12
17325,3
17326,2
17327,2
17328,1
17329,5
17330,4
17331,1
17332,5
17333,1
17334,3
17335,2
17336,1
17337,4
17338,17
17339,3
17340,18
17341,5
17342,4
17343,6
17344,2
17345,10
17346,26
17347,1
17348,9
17349,5
17350,7
17351,12
17352,1
17353,4
17354,4
17355,1
17356,5
17357,2
17358,5
17359,2
17360,6
17361,5
17362,7
17363,3
17364,28
17365,15
17366,2
17367,1
17368,14
17369,1
17370,4
17371,6
17372,28
17373,7
17374,3
17375,4
17376,4
17377,78
17378,1
17379,1
17380,3
17381,38
17382,8
17383,2
17384,3
17385,1
17386,7
17387,2
17388,11
17389,61
17390,1
17391,2
17392,3
17393,2
17394,1
17395,1
17396,14
17397,3
17398,3
17400,8
17401,1
17402,23
17403,2
17404,23
17405,3
17406,13
17407,1
17408,3
17409,10
17410,5
17411,5
17412,16
17413,2
17414,6
17415,1
17416,22
17417,1
17418,3
17419,18
17420,6
17421,3
17422,11
17423,3
17425,2
17426,13
17427,1
17428,45
17429,5
17430,4
17431,1
17432,9
17433,2
17434,7
17435,1
17436,5
17437,1
17438,5
17439,1
17440,4
17441,1
17442,15
17443,1
17444,3
17446,2
17447,2
17448,46
17449,13
17450,51
17451,7
17453,2
17454,10
17455,1
17456,2
17457,14
17458,2
17459,2
17460,16
17461,3
17462,2
17463,7
17464,3
17465,7
17466,2
17467,1
17468,3
17469,17
17470,11
17471,1
17472,4
17473,2
17474,1
17475,1
17476,2
17477,2
17478,2
17479,1
17480,2
17481,4
17482,2
17483,4
17484,2
17486,1
17487,1
17488,1
17489,2
17490,9
17491,17
17492,3
17493,1
17494,1
17495,3
17496,4
17497,2
17498,1
17499,2
17500,3
17501,2
17502,4
17503,2
17504,18
17505,5
17506,1
17507,2
17508,8
17509,8
17510,2
17511,60
17512,18
17513,3
17514,2
17515,9
17516,6
17517,1
17518,2
17519,15
17520,1
17521,5
17522,5
17523,4
17524,3
17525,3
17526,12
17527,4
17528,8
17529,2
17530,12
17531,3
17532,1
17533,1
17534,5
17535,1
17536,3
17537,2
17538,1
17539,4
17540,6
17541,1
17542,3
17543,1
17544,3
17545,6
17547,2
17548,4
17549,2
17550,9
17551,1
17552,12
17553,4
17554,5
17555,5
17556,2
17557,4
17558,1
17559,1
17560,8
17561,4
17562,7
17563,2
17564,3
17565,1
17566,2
17567,9
17568,1
17569,1
17570,1
17571,5
17572,10
17573,3
17574,1
17575,1
17576,41
17577,2
17578,7
17579,4
17580,5
17581,43
17582,5
17583,1
17584,6
17585,7
17586,1
17587,1
17588,7
17589,18
17590,3
17591,8
17592,1
17593,11
17594,4
17595,2
17596,13
17597,5
17598,1
17599,1
17600,1
17601,2
17602,14
17603,4
17604,6
17605,1
17606,1
17607,1
17608,4
17609,11
17610,5
17611,28
17612,18
17613,14
17614,1
17615,6
17616,4
17617,1
17618,11
17619,1
17620,1
17621,6
17622,2
17623,7
17624,4
17625,8
17626,1
17627,1
17628,1
17629,10
17630,2
17631,7
17633,7
17634,9
17635,3
17636,1
17637,2
17638,2
17639,6
17640,6
17642,5
17643,2
17644,20
17646,12
17647,3
17648,5
17649,3
17650,1
17651,16
17652,12
17653,4
17654,1
17655,9
17656,5
17657,1
17658,2
17659,14
17660,2
17662,2
17663,17
17664,4
17665,1
17666,5
17667,9
17668,2
17669,10
17670,1
17671,5
17672,7
17673,13
17674,2
17675,70
17676,10
17677,54
17678,2
17679,7
17680,3
17681,5
17682,11
17683,3
17684,1
17685,12
17686,9
17687,1
17688,1
17689,2
17690,20
17691,4
17692,12
17693,1
17694,3
17695,5
17696,27
17697,1
17698,1
17699,2
17700,14
17701,1
17702,6
17703,4
17704,2
17705,11
17706,31
17707,8
17708,4
17709,5
17710,1
17711,2
17712,1
17713,4
17714,5
17715,2
17716,24
17717,1
17718,2
17719,15
17720,10
17721,1
17722,5
17723,7
17724,3
17725,11
17726,7
17727,1
17728,5
17729,1
17730,20
17731,6
17732,8
17733,2
17734,6
17735,26
17736,3
17737,2
17738,13
17739,18
17740,6
17741,2
17742,11
17743,1
17744,7
17745,2
17746,4
17747,1
17748,1
17749,3
17750,9
17751,1
17752,1
17753,4
17754,13
17756,3
17757,56
17758,12
17759,5
17760,6
17761,1
17762,1
17763,4
17764,5
17765,4
17766,2
17767,2
17768,7
17769,17
17770,5
17771,4
17772,3
17773,2
17774,9
17775,1
17776,2
17777,3
17778,1
17779,3
17780,3
17781,2
17782,2
17783,3
17784,1
17785,3
17786,2
17787,4
17788,2
17789,2
17790,20
17791,1
17792,2
17793,1
17794,2
17795,2
17796,7
17797,8
17798,1
17799,20
17800,9
17801,3
17802,10
17803,1
17804,3
17805,2
17806,1
17807,3
17808,4
17809,20
17810,2
17811,47
17812,7
17813,5
17814,2
17815,1
17816,6
17817,6
17818,1
17819,12
17820,1
17821,1
17822,5
17823,2
17824,1
17825,4
17826,1
17827,6
17828,4
17829,5
17830,3
17831,1
17832,1
17833,1
17834,2
17835,3
17836,1
17837,8
17838,13
17839,1
17840,1
17841,211
17842,1
17843,2
17844,1
17845,4
17846,1
17847,2
17848,30
17849,8
17850,155
17851,6
17852,5
17853,3
17854,6
17855,1
17856,4
17857,24
17858,30
17859,1
17860,4
17861,18
17862,4
17863,12
17864,5
17865,46
17866,3
17867,15
17868,1
17869,7
17870,13
17871,5
17872,1
17873,18
17874,6
17875,1
17876,3
17877,1
17878,3
17879,1
17880,3
17881,1
17882,2
17883,7
17884,20
17885,1
17886,6
17887,1
17888,25
17889,7
17890,2
17891,1
17892,3
17893,1
17894,18
17895,1
17896,1
17897,9
17898,4
17899,1
17900,2
17901,3
17902,1
17903,1
17904,1
17905,13
17906,1
17907,1
17908,5
17909,1
17910,1
17911,1
17912,6
17913,14
17914,1
17915,1
17916,2
17917,3
17918,3
17919,2
17920,54
17921,10
17922,1
17923,3
17924,8
17925,1
17926,5
17927,1
17928,3
17929,12
17930,13
17931,14
17932,3
17933,1
17934,3
17935,7
17936,1
17937,7
17938,1
17939,1
17940,16
17941,4
17942,1
17944,1
17945,3
17946,2
17947,1
17948,1
17949,118
17950,7
17951,4
17952,4
17953,1
17954,19
17955,6
17956,1
17957,1
17958,2
17959,1
17960,3
17961,100
17962,4
17963,4
17964,2
17965,29
17966,10
17967,2
17968,4
17969,20
17970,1
17971,1
17972,1
17973,1
17974,6
17975,24
17976,1
17977,2
17978,4
17979,4
17980,4
17981,1
17982,1
17983,1
17984,5
17985,1
17986,1
17987,5
17988,14
17989,1
17990,6
17991,3
17992,1
17993,1
17994,11
17995,3
17996,3
17997,8
17998,3
17999,3
18000,1
18001,6
18002,4
18003,1
18004,1
18005,2
18006,4
18007,1
18008,23
18009,8
18010,1
18011,2
18012,1
18013,2
18014,1
18015,1
18016,7
18017,4
18018,4
18019,1
18020,1
18021,2
18022,5
18024,2
18025,6
18026,2
18027,1
18028,1
18029,1
18030,2
18031,1
18032,1
18033,1
18034,3
18035,5
18036,11
18037,15
18038,1
18039,4
18040,2
18041,38
18042,2
18043,3
18044,18
18045,1
18046,1
18047,2
18048,3
18049,2
18050,2
18051,7
18052,1
18053,3
18054,1
18055,14
18056,2
18057,3
18058,3
18059,3
18060,2
18061,28
18062,6
18063,2
18064,11
18065,29
18066,3
18067,1
18068,1
18069,11
18070,1
18071,6
18072,1
18073,12
18074,2
18075,20
18076,1
18077,18
18078,4
18079,5
18080,2
18081,3
18082,1
18083,1
18084,3
18085,4
18086,1
18087,17
18088,1
18089,1
18090,1
18091,1
18092,18
18093,8
18094,13
18095,5
18096,6
18097,11
18098,1
18099,1
18100,1
18101,5
18102,145
18103,1
18104,1
18105,1
18106,6
18107,1
18108,3
18109,38
18110,2
18111,1
18112,4
18113,1
18114,1
18115,1
18116,13
18117,1
18118,29
18119,1
18120,1
18121,2
18122,6
18123,3
18124,1
18125,4
18126,1
18127,4
18128,1
18129,1
18130,3
18131,1
18132,1
18133,1
18134,2
18135,10
18136,5
18137,2
18138,1
18139,6
18140,1
18141,2
18142,2
18143,2
18144,19
18145,11
18146,2
18147,2
18148,1
18149,7
18150,3
18151,6
18152,1
18153,1
18154,5
18155,3
18156,2
18157,1
18158,2
18159,1
18160,3
18161,6
18162,1
18163,1
18164,1
18165,1
18166,1
18167,3
18168,16
18169,1
18170,9
18171,9
18172,52
18173,5
18174,2
18175,1
18176,1
18177,9
18178,11
18179,8
18180,6
18181,5
18182,1
18183,2
18184,1
18185,1
18186,1
18187,1
18188,6
18189,3
18190,5
18191,2
18192,1
18193,3
18194,6
18195,1
18196,4
18197,1
18198,17
18199,1
18200,1
18201,1
18202,3
18203,4
18204,3
18205,2
18206,1
18207,1
18208,1
18209,1
18210,7
18211,5
18212,2
18213,1
18214,4
18215,5
18216,1
18217,4
18218,4
18219,17
18220,6
18221,6
18222,1
18223,26
18224,1
18225,26
18226,26
18227,2
18228,2
18229,28
18230,9
18231,28
18232,4
18233,1
18234,1
18235,3
18236,12
18237,5
18238,1
18239,6
18240,1
18241,21
18242,8
18243,1
18244,2
18245,20
18246,3
18247,3
18248,2
18249,1
18250,1
18251,9
18252,7
18253,1
18254,1
18255,2
18256,1
18257,12
18258,6
18259,7
18260,23
18261,2
18262,3
18263,3
18264,1
18265,2
18266,1
18267,1
18268,6
18269,1
18270,3
18271,2
18272,9
18273,4
18274,1
18275,2
18276,6
18277,5
18278,2
18279,1
18280,2
18281,2
18282,2
18283,22
18284,1
18285,1
18286,2
18287,7
